Name,[M-H],Source
P-Coumaric Acid,163.04007,In-house
p-coumaryl alcohol,149.0608,In-house
p-coumaryl alcohol hexoside,311.11363,In-house
p-Coumaryl Shikimate,319.0823,In-house
p-coumaroyl hexose,325.0929,In-house
p-coumaroyl malate,279.051,In-house
p-coumaroyl CoA,912.14471,In-house
Coniferyl alcohol,179.0714,In-house
Sinapic Acid,223.0611,In-house
sinapoylmalate,339.0722,In-house
sinapoylglucose,385.11393,In-house
feruloyl sinapate,400.11582,In-house
"1,2-Disinapoylglucose",591.1719,In-house
caffeyl alcohol,165.0557,In-house
caffeoyl shikimate,335.0772,In-house
caffeoyl CoA,928.13963,In-house
Cinnamic Acid,147.0452,In-house
cinnamoylmalate,263.0561,In-house
cinnamoylglutamate,276.0877,In-house
cinnamoylaspartate,262.0721,In-house
benzyolaspartate,236.0564,In-house
benzoylmalate,237.0405,In-house
dihydroxybenzoylxylose,285.0616,In-house
dihydroxybenzoylglucose,315.0722,In-house
trihydroxybenzoate + dihydroxybenzoate,305.0303,In-house
p-coumaraldehyde,147.0452,In-house
caffealdehyde,163.0401,In-house
5-OH coniferaldehyde,193.0506,In-house
"3,4-dihydroxybenzaldehyde",137.0244,In-house
feruloylglucose,355.1035,In-house
feruloyl CoA,928.13963,In-house
5-hydroxy-ferulic acid,209.04555,In-house
Feruloylmalate-coniferyl alcohol coupling product,487.1246,In-house
Feruloylmalate-coniferyl alcohol coupling product,505.1351,In-house
Feruloylglucose-coniferyl alcohol coupling product,533.1664,In-house
Feruloylglucose-coniferyl alcohol coupling product,551.177,In-house
Glycoside of coniferyl alcohol dimer (pinoresinol or dehydrodiconiferyl alcohol),519.1872,In-house
Modified glycoside of coniferyl alcohol dimer,521.2028,In-house
Possible lignan diglycoside,717.1672,In-house
Arabidopyl Shikimate,351.0722,In-house
Arabidopyl Alcohol,195.0299,In-house
Arabidopic Acid,209.0092,In-house
K-Rha-Rha,577.1563,In-house
Kaempherol-Rha-Rha-Glu,739.2091,In-house
"(Z)-Resveratrol 3,4'-diglucoside",551.177,In-house
Unknown,535.1457,In-house
Unknown,565.1927,In-house
Unknown,583.2032,In-house
3-(4-hydroxyphenyl)propionic acid,165.1685,In-house
phenylacetaldehyde,119.0502,In-house
sinapoyl tartarate,355.06707,In-house-calculated
p-coumaroyl pentose,295.08207,In-house-calculated
p-coumaroyl dihexose,324.106,In-house-calculated
p-coumaroyl glucuronide,339.07219,In-house-calculated
p-coumaroyl glycine,220.06153,In-house-calculated
p-coumaroyl aspartate ,278.06701,In-house-calculated
p-coumaroyl glutamate,292.08266,In-house-calculated
sinapoyl shikimate,379.10336,In-house-calculated
sinapoyl glucuronide,399.09319,In-house-calculated
sinapoyl glycine,280.08253,In-house-calculated
sinapoyl aspartate,338.08805,In-house-calculated
sinapoyl glutamate,352.1037,In-house-calculated
caffeic acid ,179.03498,In-house-calculated
caffeyl alcohol hexoside,327.10853,In-house-calculated
caffeoyl hexose,341.08781,In-house-calculated
caffeoyl malate,295.04594,In-house-calculated
caffeoyl glycine,236.05641,In-house-calculated
caffeoyl aspartate,294.06193,In-house-calculated
caffeoyl glutamate,308.07758,In-house-calculated
cinnamyl alcohol,134.07316,In-house-calculated
cinnamyl alcohol hexoside,296.12599,In-house-calculated
cinnamoyl CoA,896.14984,In-house-calculated
cinnamoyl shikimate,303.08746,In-house-calculated
cinnamoyl glucuronide,323.07729,In-house-calculated
cinnamoyl glycine,204.06663,In-house-calculated
Dihydrocinnamic Acid,149.0608,In-house-calculated
cinnamaldehyde ,132.162,In-house-calculated
feruloyl shikimate,349.0928935,In-house-calculated
feruloyl aspertate,308.0776,In-house-calculated
feruloyl glutamate,322.0932,In-house-calculated
5-hydroxy-feruloyl hexose,371.09838,In-house-calculated
5-hydroxy-feruloyl malate,325.05651,In-house-calculated
5-hydroxy-feruloyl CoA,958.15019,In-house-calculated
5-hydroxy-feruloyl skikimate,365.08781,In-house-calculated
5-hydroxy-feruloyl glucuronide,385.07764,In-house-calculated
5-hydroxy-feruloyl glycine,266.06698,In-house-calculated
5-hydroxy-feruloyl aspartate,324.07250,In-house-calculated
5-hydroxy-feruloyl glutamate,338.08815,In-house-calculated
5-hydroxy-dihydroferulic acid,211.0612,In-house-calculated
(Neo)Lignans/Oligolignols,463.17432,Jeff Mass List
(Neo)Lignans/Oligolignols,487.12414,Jeff Mass List
(Neo)Lignans/Oligolignols,500.15602,Jeff Mass List
(Neo)Lignans/Oligolignols,505.13489,Jeff Mass List
(Neo)Lignans/Oligolignols,518.16682,Jeff Mass List
(Neo)Lignans/Oligolignols,519.18705,Jeff Mass List
(Neo)Lignans/Oligolignols,521.20243,Jeff Mass List
(Neo)Lignans/Oligolignols,521.20286,Jeff Mass List
(Neo)Lignans/Oligolignols,533.1658,Jeff Mass List
(Neo)Lignans/Oligolignols,533.16673,Jeff Mass List
(Neo)Lignans/Oligolignols,535.14509,Jeff Mass List
(Neo)Lignans/Oligolignols,548.17812,Jeff Mass List
(Neo)Lignans/Oligolignols,549.1977,Jeff Mass List
(Neo)Lignans/Oligolignols,551.17649,Jeff Mass List
(Neo)Lignans/Oligolignols,551.17679,Jeff Mass List
(Neo)Lignans/Oligolignols,563.17473,Jeff Mass List
(Neo)Lignans/Oligolignols,563.17746,Jeff Mass List
(Neo)Lignans/Oligolignols,567.18674,Jeff Mass List
(Neo)Lignans/Oligolignols,581.18709,Jeff Mass List
(Neo)Lignans/Oligolignols,581.18764,Jeff Mass List
(Neo)Lignans/Oligolignols,581.18785,Jeff Mass List
(Neo)Lignans/Oligolignols,585.19798,Jeff Mass List
(Neo)Lignans/Oligolignols,649.17719,Jeff Mass List
(Neo)Lignans/Oligolignols,662.20968,Jeff Mass List
(Neo)Lignans/Oligolignols,683.19815,Jeff Mass List
(Neo)Lignans/Oligolignols,695.21981,Jeff Mass List
(Neo)Lignans/Oligolignols,713.2087,Jeff Mass List
(Neo)Lignans/Oligolignols,729.24154,Jeff Mass List
(Neo)Lignans/Oligolignols,733.27194,Jeff Mass List
(Neo)Lignans/Oligolignols,745.27233,Jeff Mass List
(Neo)Lignans/Oligolignols,745.27271,Jeff Mass List
(Neo)Lignans/Oligolignols,747.25195,Jeff Mass List
(Neo)Lignans/Oligolignols,747.25214,Jeff Mass List
(Neo)Lignans/Oligolignols,759.25082,Jeff Mass List
(Neo)Lignans/Oligolignols,763.28385,Jeff Mass List
(Neo)Lignans/Oligolignols,763.28446,Jeff Mass List
(Neo)Lignans/Oligolignols,777.26288,Jeff Mass List
(Neo)Lignans/Oligolignols,777.26334,Jeff Mass List
(Neo)Lignans/Oligolignols,807.27335,Jeff Mass List
(Neo)Lignans/Oligolignols,837.28143,Jeff Mass List
(Neo)Lignans/Oligolignols,837.2857,Jeff Mass List
(Neo)Lignans/Oligolignols,877.31685,Jeff Mass List
(Neo)Lignans/Oligolignols,877.31705,Jeff Mass List
(Neo)Lignans/Oligolignols,879.33274,Jeff Mass List
(Neo)Lignans/Oligolignols,879.33286,Jeff Mass List
(Neo)Lignans/Oligolignols,907.32659,Jeff Mass List
(Neo)Lignans/Oligolignols,907.32693,Jeff Mass List
(Neo)Lignans/Oligolignols,967.34997,Jeff Mass List
(Neo)Lignans/Oligolignols,579.20835,Jeff Mass List
(Neo)Lignans/Oligolignols,597.21896,Jeff Mass List
(Neo)Lignans/Oligolignols,775.28366,Jeff Mass List
2Glc-2Rha-Kae,901.26343,Jeff Mass List
3-Ara(2?1)Rha-7-Rha-Kae,709.19849,Jeff Mass List
3-Glc(2?1)Rha-7-Rha-Kae,739.2082,Jeff Mass List
3-Glc(2?1)Rha-7-Rha-Que,755.20427,Jeff Mass List
3-Glc(6?1)Glc-7-Rha-Kae,755.20409,Jeff Mass List
3-Glc-7-Rha-Kae,593.15055,Jeff Mass List
3-Glc-7-Rha-Que,609.14553,Jeff Mass List
3-O-Glu- 7-O-Rha isorhamnetin,623.1618,Jeff Mass List
3-O-Glu- 7-O-Rha-kaempherol,593.1512,Jeff Mass List
3-O-Glu- 7-O-Rha-quercitin,609.1461,Jeff Mass List
3-O-Rha(1->2)Glu- 7-O-Rha-quercetin,755.204,Jeff Mass List
3-O-Rha(1->2)Glu-7-O-Rha-kaempherol,739.2091,Jeff Mass List
3-Rha(4?1)Rha-7-Rha-Kae,723.2149,Jeff Mass List
3-Rha-7-Ara-Kae,563.14006,Jeff Mass List
3-Rha-7-Glc-Que,609.14527,Jeff Mass List
3-Rha-7-Mal-Glc-Kae,635.16151,Jeff Mass List
3-Rha-7-Rha(4?1)Glc-Kae,739.2092,Jeff Mass List
3-Rha-7-Rha-Kae,577.15646,Jeff Mass List
3-Rha-7-Rha-Que,593.15133,Jeff Mass List
3-sinapoyl-Rha-7-Rha-Kae,783.21356,Jeff Mass List
5-hydroxy coniferyl alcohol,195.0663,Jeff Mass List
5-hydroxyconiferin 2,357.1191,Jeff Mass List
5-hydroxyferulic acid,209.0456,Jeff Mass List
5-hydroxyferulic acid 4-O-hexoside 14,371.0984,Jeff Mass List
5-hydroxyferuloyl Glc,371.09825,Jeff Mass List
5-hydroxyferuloyl hexose hex,533.1499,Jeff Mass List
5-hydroxyferuloyl hexose+155,525.1614,Jeff Mass List
5-hydroxyferuloyl malate,325.05674,Jeff Mass List
benzoyl hexose,343.1035,Jeff Mass List
caffeic acid 3/4-O-hexoside 14,341.0878,Jeff Mass List
caffeyl alcohol 3/4-O-hexoside 7,327.1085,Jeff Mass List
cinnamic acid 10,147.0452,Jeff Mass List
"cinnamoyl hexose 7, 10",369.1191,Jeff Mass List
cinnamoyl malate 10,263.0561,Jeff Mass List
cis-sinapoyl Glc,385.11413,Jeff Mass List
coniferaldehyde,177.0557,Jeff Mass List
coniferaldehyde 4-O-hexoside,399.1297,Jeff Mass List
coniferin,401.1453,Jeff Mass List
coniferin (acetate adduct),401.1446,Jeff Mass List
coniferin hex (acetate adduct),563.1969,Jeff Mass List
coniferyl alcohol,179.0714,Jeff Mass List
diferuloyl hexose,531.1508,Jeff Mass List
dihydrocaffeic acid+hexose 7,343.1035,Jeff Mass List
dihydrocaffeic acid+hexose 7,357.1191,Jeff Mass List
dihydroxybenzoyl sinapoyl pen,491.11868,Jeff Mass List
disinapoyl butanoyl gentiobiose,823.26695,Jeff Mass List
disinapoyl gentiobiose,753.22494,Jeff Mass List
disinapoyl gentiobiose,753.22528,Jeff Mass List
disinapoyl Glc,591.17138,Jeff Mass List
disinapoyl glucose 6,591.1719,Jeff Mass List
disinapoyl hexanetriol dihex,869.31077,Jeff Mass List
ferulic acid 12,193.0506,Jeff Mass List
ferulic acid 4-O-hexoside 14,355.1035,Jeff Mass List
ferulic acid dihex,517.1553,Jeff Mass List
feruloyl glycerol,267.08784,Jeff Mass List
feruloyl hexose,355.103,Jeff Mass List
feruloyl hexose+155 7,509.1665,Jeff Mass List
"feruloyl malate 7, 12",309.0616,Jeff Mass List
feruloyl sinapoyl hexose,561.1614,Jeff Mass List
"G 4-O-glucoside(8?5)G, DCG 4",579.2083,Jeff Mass List
"G 4-O-glucoside(red8?5)G, IDDDC glucoside",581.224,Jeff Mass List
G 4-O-hexoside(8?O?4)G,597.2189,Jeff Mass List
"G 4-O-hexoside(8?O?4)S(8?5)G, buddlenol B hexose",805.2924,Jeff Mass List
G 7/9-O-hexoside(8?O?4)G,537.1977,Jeff Mass List
G(8?5)FA hex,533.1656,Jeff Mass List
G(8?5)FA hex,533.1661,Jeff Mass List
G(8?5)FA malate hex,649.1768,Jeff Mass List
G(8?5)G hex (acetate adduct),579.2077,Jeff Mass List
G(8?8)G dihex,681.2401,Jeff Mass List
G(8?8)G hex,519.1861,Jeff Mass List
G(8?8)S hex,549.1974,Jeff Mass List
G(8?O?4)FA hex,551.1763,Jeff Mass List
G(8?O?4)FA malate hex,667.1871,Jeff Mass List
G(8?O?4)G hex,537.1966,Jeff Mass List
G(8?O?4)G hex (acetate adduct),597.2182,Jeff Mass List
G(8?O?4)G(8?5)FA hex,729.24,Jeff Mass List
G(8?O?4)G(8?5)FA malate hex,845.2518,Jeff Mass List
G(8?O?4)G(8?8/5)G hex,715.2615,Jeff Mass List
G(8?O?4)G(8?8/5)G hex (acetate adduct),775.2821,Jeff Mass List
G(8?O?4)G(8?O?4)FA hex,747.2509,Jeff Mass List
G(8?O?4)G(8?O?4)G/Gred(8?8)Gred/G hex,913.3512,Jeff Mass List
G(8?O?4)G/Gred(8?8)Gred/G hex,717.2765,Jeff Mass List
G(8?O?4)S hex (acetate adduct),627.2294,Jeff Mass List
G(8?O?4)SA malate hex,697.1986,Jeff Mass List
G(8-5)feruloyl hexose,533.1665,Jeff Mass List
G(8-5)G 8,339.1238,Jeff Mass List
G(8-5)G 8,357.1344,Jeff Mass List
"G(8-O-4)5H 3,8",373.1293,Jeff Mass List
G(8-O-4)5H(8-O-4)5H 3,567.1872,Jeff Mass List
G(8-O-4)5H(8-O-4)5H' 3,565.1715,Jeff Mass List
G(8-O-4)5-hydroxyferulic acid,387.1085,Jeff Mass List
G(8-O-4)5-hydroxyferuloyl hexose 8,549.1614,Jeff Mass List
G(8-O-4)5-hydroxyferuloyl malate,503.1195,Jeff Mass List
G(8-O-4)caffeoyl hexose 4,519.1508,Jeff Mass List
G(8-O-4)caffeyl alcohol hexoside,505.1715,Jeff Mass List
G(8-O-4)ferulic acid,389.1242,Jeff Mass List
G(8-O-4)feruloyl hexose 8,551.177,Jeff Mass List
G(8-O-4)feruloyl malate,505.1352,Jeff Mass List
G(8-O-4)G,375.1449,Jeff Mass List
G(8-O-4)G(8-5)G 8,553.2079,Jeff Mass List
G(8-O-4)G(8-5)G' 8,551.1923,Jeff Mass List
G(8-O-4)G'(8-O-4)G,569.2028,Jeff Mass List
G(8-O-4)G(8-O-4)G 8,571.2185,Jeff Mass List
G(8-O-4)G(red8-8)G 8,555.2236,Jeff Mass List
G'(8-O-4)S(8-5)G,581.2028,Jeff Mass List
G(8-O-4)S(8-5)G 8,583.2185,Jeff Mass List
G(8-O-4)S(8-5)G 8,583.2185,Jeff Mass List
G(8-O-4)S(8-8)S,613.229,Jeff Mass List
G(8-O-4)S(8-8)S(8-O-4)G 8,809.3026,Jeff Mass List
Glu-Rha-Kaempherol,593.1512,Jeff Mass List
GMe(8-O-4)G,389.1606,Jeff Mass List
GMe(8-O-4)G(8-5)G,567.2236,Jeff Mass List
GMe(8-O-4)S(8-5)G 8,597.2341,Jeff Mass List
Gred(8?8)G dihex,683.2556,Jeff Mass List
Gred(8?8)G hex,521.202,Jeff Mass List
p-coumaric acid 11,163.0401,Jeff Mass List
p-coumaric acid 4-O-hexoside 14,325.0929,Jeff Mass List
p-coumaroyl hexose+155 7,479.156,Jeff Mass List
phenylalanine,164.0717,Jeff Mass List
p-hydroxybenzoyl hexose,299.0772,Jeff Mass List
protocatechoyl Glc,315.07229,Jeff Mass List
protocatechoyl Xyl,285.06195,Jeff Mass List
Quercetin-3-rhamnoside(1-2)glucoside-7-rhamnoside; Quercetin deoxyhexosyl-dihexoside,771.1989,Jeff Mass List
Rha-Kaempherol,431.0984,Jeff Mass List
Rha-Rha-isorhamnetin,607.1668,Jeff Mass List
S(8?O?4)FA hex,581.187,Jeff Mass List
S(8?O?4)FA hex,581.1871,Jeff Mass List
S(8?O?4)G(8?5)FA hex,759.2511,Jeff Mass List
S(8-5)G,387.1449,Jeff Mass List
S(8-8)S,417.1555,Jeff Mass List
S(8-O-4)G,405.1555,Jeff Mass List
S(8-O-4)S(8-5)G,613.229,Jeff Mass List
S(8-O-4)S(8-8)S,643.2396,Jeff Mass List
scopolin,413.1089,Jeff Mass List
sinapaldehyde,207.0663,Jeff Mass List
sinapic acid 4-O-hexoside 14,385.114,Jeff Mass List
sinapoyl gentiobiose,547.16645,Jeff Mass List
"sinapoyl glucose 6, 7, 13",385.114,Jeff Mass List
sinapoyl hexose,385.1134,Jeff Mass List
sinapoyl hexose hex,547.166,Jeff Mass List
sinapoyl hexose+155 7,539.177,Jeff Mass List
"sinapoyl malate 7, 13",339.0722,Jeff Mass List
sinapoyl malate hex,501.1241,Jeff Mass List
sinapoyl malate hex,501.12423,Jeff Mass List
sinapoyl pen,355.10357,Jeff Mass List
sinapyl alcohol,209.0819,Jeff Mass List
syringaldehyde hex (acetate adduct),403.1239,Jeff Mass List
syringin,431.1559,Jeff Mass List
syringoyl hexose,359.0984,Jeff Mass List
trans-sinapoyl Glc,385.11406,Jeff Mass List
trisinapoyl gentiobiose,959.28381,Jeff Mass List
tryptophan,203.0826,Jeff Mass List
vanillin hex (acetate adduct),373.1135,Jeff Mass List
vanilloyl hexose,329.0878,Jeff Mass List
(-)-beta-Sitosterol,413.3788897,Knapsack_At
(-)-Epicatechin,289.0717617,Knapsack_At
(+)-alpha-Barbatene,203.1805243,Knapsack_At
(+)-Ascorbic acid,175.0248115,Knapsack_At
(+)-Catechin,289.0717617,Knapsack_At
(+)-Dihydrokaempferol,287.0561116,Knapsack_At
(+)-Epijasmonic acid,209.1183179,Knapsack_At
(+-)-Propylene glycol,75.04515303,Knapsack_At
(22S)-22-Hydroxycampesterol,415.3581543,Knapsack_At
"(22S,22R)-22-Hydroxyergost-4-en-3-one",413.3425042,Knapsack_At
"(22S,24R)-22-Hydroxy-5alpha-ergostan-3-one",415.3581543,Knapsack_At
(24R)-24-Methyl-5-alpha-cholestan-3-one,399.3632397,Knapsack_At
(24R)-24-Methylcholest-4-en-3-beta-ol,399.3632397,Knapsack_At
(24R)-Ergost-4-en-3-one,397.3475896,Knapsack_At
"(5alpha,24R)-Ergostan-3-one",413.3788897,Knapsack_At
(E)-4-Hydroxy-3-methylbut-2-enyl diphosphate,260.9934638,Knapsack_At
(E)-Caryophyllene,203.1805243,Knapsack_At
(E)-Ferulic acid,193.0506323,Knapsack_At
(E)-Sinapic acid,223.061197,Knapsack_At
(R)-linalool,153.1284887,Knapsack_At
(s)-(+)-Abscisic acid,263.1288826,Knapsack_At
"(S)-2,3-Epoxysqualene",425.3788897,Knapsack_At
(Z)-Palmitoleic acid,253.2173037,Knapsack_At
"(Z,Z,Z)-Octadeca-9,12,15-trienoic acid",277.2173037,Knapsack_At
1-(o-Carboxyphenylamino)-1-deoxyribulose-5-phosphate,348.0489911,Knapsack_At
"1,16-Dihydroxyhexadecane",257.2486038,Knapsack_At
"1,18-Octadecanediol",285.279904,Knapsack_At
"1,22-Docosane dioic acid",369.3010333,Knapsack_At
"1,22-Docosane diol",341.3425042,Knapsack_At
"1,24-Tetracosane dioic acid",397.3323335,Knapsack_At
"1,3,7-Trihydroxyxanthone",269.0455469,Knapsack_At
"1,3-Diaminopropane",73.07712186,Knapsack_At
"1,6-Anhydroglucose",161.0455469,Knapsack_At
"1,7,16-Hexadecanetriol",273.2435185,Knapsack_At
"1,8-Cineole",153.1284887,Knapsack_At
"10,16-Dihydroxy-hexadecanoate",287.222783,Knapsack_At
10-Formyl-THF,472.1586196,Knapsack_At
12-oxo-PDA,291.1965683,Knapsack_At
"13S-Hydroperoxy-9Z,11E,15Z-octadecatrienoic acid",309.207133,Knapsack_At
"15,15'-cis-Phytoene",543.4935255,Knapsack_At
16-Hydroxyhexadecanoic acid,271.2278684,Knapsack_At
16-Hydroxy-hexadecanoic acid,271.2278684,Knapsack_At
18-Hydroxy-9-octadecenoic acid,297.2435185,Knapsack_At
"18-Hydroxyoctadeca-9Z,12Z-dienoic acid",295.2278684,Knapsack_At
18-Hydroxyoctadecanoic acid,299.2591685,Knapsack_At
1-aci-Nitro-2-indolylethane,189.0669511,Knapsack_At
1-Aminocyclopropane-1-carboxylate,100.040402,Knapsack_At
1-Deoxy-D-xylulose 5-phosphate,213.0169627,Knapsack_At
1-Hexadecanal,239.2380391,Knapsack_At
1-Methoxyindole 3-carboxylic acid methyl ester,188.0717021,Knapsack_At
1-Methoxyindole-3-carbaldehyde,174.056052,Knapsack_At
1-Octadecanol,269.2849893,Knapsack_At
1-O-Sinapoyl-beta-D-glucose,385.1140204,Knapsack_At
2-(2'-Methylthio)ethylmalic acid,207.0332677,Knapsack_At
2-(3'-Methylthio)propylmalic acid,221.0489178,Knapsack_At
2-(4'-Methylthio)butylmalic acid,235.0645679,Knapsack_At
2-(5'-methylthio)pentylmalic acid,249.0802179,Knapsack_At
2-(6'-Methylthio)hexylmalic acid,263.095868,Knapsack_At
2-(7'-Methylthio)heptylmalic acid,277.111518,Knapsack_At
"2-(Indole-3-yl)-4,5-dihydro-1,3-thiazole-4-carboxylic acid",245.0390218,Knapsack_At
"2,3,4,5-Tetrahydrodipicolinate",170.0458813,Knapsack_At
"2,3-Dimethyl-6-phytyl-1,4-benzoquinone",415.3581543,Knapsack_At
20-Hydroxyeicosanoic acid,327.2904686,Knapsack_At
22-Hydroxydocosanoic acid,355.3217688,Knapsack_At
23-Hydroxytricosanoic acid,369.3374188,Knapsack_At
24-Dihydrocycloartenol,427.3945398,Knapsack_At
24-Epiteasterone,447.3479835,Knapsack_At
24-Epityphasterol,447.3479835,Knapsack_At
24-Ethylidenelophenol,425.3788897,Knapsack_At
24-Hydroxytetracosanoic acid,383.3530689,Knapsack_At
24-Methylene cholesterol,397.3475896,Knapsack_At
24-Methylenecycloartan-3beta-ol,439.3945398,Knapsack_At
24-Methylenelophenol,411.3632397,Knapsack_At
25-Hydroxypentacosanoic acid,397.368719,Knapsack_At
26-Hydroxyhexacosanoic acid,411.384369,Knapsack_At
28-Homobrassinolide,493.3534628,Knapsack_At
28-Norbrassinolide,465.3221627,Knapsack_At
28-Nortyphasterol,419.3530689,Knapsack_At
"2-Amino-4-hydroxy-6-(hydroxymethyl)-7,8-dihydropteridine",194.0683481,Knapsack_At
2-Benzoyloxy-3-butenyl glucosinolate,492.0639756,Knapsack_At
"2-C-Methyl-D-erythritol 2,4-cyclodiphosphate",276.9883785,Knapsack_At
2-C-Methyl-D-erythritol 4-phosphate,215.0326128,Knapsack_At
2-Ethylhexanoic acid,143.1077533,Knapsack_At
2-Hydroxypyridine,94.02983732,Knapsack_At
2-Hydroxytetracosanoic acid,383.3530689,Knapsack_At
2-Ketoisovalerate,115.0400676,Knapsack_At
"2-Methyl-6-phytyl-1,4-benzoquinone",401.3425042,Knapsack_At
2-Methylsulfinylethyl glucosinolate,408.0098315,Knapsack_At
2'-O-Acetyl-ADP-ribose,600.0749617,Knapsack_At
2-O-L-ramnopyranosyl-4-Deoxy-alpha-L-threo-hex-4-enopyranosiduronoic acid,321.0827203,Knapsack_At
2-Oxo-10-methylthiodecaonoic acid,231.1060387,Knapsack_At
2-Oxo-4-(methylthio)butanoic acid,147.0121384,Knapsack_At
2-Oxo-6-methylthiohexanoic acid,175.0434385,Knapsack_At
2-Oxo-7-methylthioheptanoic acid,189.0590885,Knapsack_At
2-Oxo-8-methylthiooctanoic acid,203.0747386,Knapsack_At
2-Oxo-9-methylthiononanoic acid,217.0903887,Knapsack_At
2-Phenylethylaldoxime,148.0767875,Knapsack_At
2-Phenylethylglucosinolate,422.0584962,Knapsack_At
2-Phospho-4-(cytidine 5'-diphospho)-2-C-methyl-D-erythritol,600.0402294,Knapsack_At
"2-Thioxo1,3-thiazolidine-4-carboxylic acid",161.9688934,Knapsack_At
"3,4-Epithiobutyl nitrile",98.00699343,Knapsack_At
3-Dehydro-6-deoxoteasterone,431.3530689,Knapsack_At
3-Dehydroteasterone,445.3323335,Knapsack_At
3-Deoxy-D-arabino-heptulosonate 7-phosphate,287.0173566,Knapsack_At
3'-Dephospho-CoA,686.1416015,Knapsack_At
3-Hydroxy-3-methylglutaryl CoA,910.1501906,Knapsack_At
3-Hydroxybutyl nitrile,84.04548738,Knapsack_At
3-Hydroxypropyl glucosinolate,376.0377608,Knapsack_At
3-Indolylmethyldesulfoglucosinolate,367.0969306,Knapsack_At
3-Indolylmethylthiohydroximate,205.0441072,Knapsack_At
3-Ketosphinganine,298.2751529,Knapsack_At
3-Mercaptopyruvic acid,118.9808382,Knapsack_At
3'-phosphoadenosine 5'-phosphosulfate,505.9789528,Knapsack_At
3-Phosphoglycerate,184.9856626,Knapsack_At
3-Phosphoserine,184.001647,Knapsack_At
4-(Cytidine 5'-diphospho)-2-C-methyl-D-erythritol,520.073899,Knapsack_At
"4alpha-Methyl-5alpha-ergosta-8,14,24(28)-trien-3beta-ol",409.3475896,Knapsack_At
4alpha-Methylfecosterol,411.3632397,Knapsack_At
4-Benzoyloxybutyl glucosinolate,494.0796256,Knapsack_At
4-Coumaroyl-CoA,912.1447113,Knapsack_At
4-Hydroxybenzaldehyde,121.0295029,Knapsack_At
4-Hydroxybenzoic acid,137.0244176,Knapsack_At
4-Hydroxybutylglucosinolate,390.0534109,Knapsack_At
4-Hydroxypyridine,94.02983732,Knapsack_At
4-Hydroxysphinganine,316.2857176,Knapsack_At
4-Ketolutein,581.4000191,Knapsack_At
4-Methoxyglucobrassicin,477.0643099,Knapsack_At
4-Methoxyindole-3-carbaldehyde,174.056052,Knapsack_At
4-O-(Indole-3-acetyl)-D-glucopyranose,336.1088755,Knapsack_At
4'-Phosphopantetheine,357.0890818,Knapsack_At
4-Thiazolidinecarboxylic acid,247.0546719,Knapsack_At
5-(Methylthio)-2-oxo-pentanoic acid,161.0277884,Knapsack_At
"5,10-Methylenetetrahydrofolic acid",456.163705,Knapsack_At
5-alpha-Campestanol,401.3788897,Knapsack_At
5-Aminolevulinic acid,130.0509667,Knapsack_At
5-Dehydroavenasterol,409.3475896,Knapsack_At
5-Dehydroepisterol,395.3319395,Knapsack_At
5-Enolpyruvyl-shikimate 3-phosphate,323.0173566,Knapsack_At
5-epi-Aristolochene,203.1805243,Knapsack_At
5-Formamidoimidazole-4-carboxamide ribonucleotide,453.0664321,Knapsack_At
5-Hydroxyconiferyl alcohol,195.0662824,Knapsack_At
5-Hydroxyconiferyl aldehyde,193.0506323,Knapsack_At
5-Hydroxyferulic acid,209.0455469,Knapsack_At
5-Hydroxyferuloyl-CoA,958.1501906,Knapsack_At
5-Methylsufinylpentyl nitrile,144.0488582,Knapsack_At
5-Methylsulfinylpentyl glucosinolate,450.0567817,Knapsack_At
5-Methyl-tetrahydrofolate,458.1793551,Knapsack_At
5-Methylthiopentanaldoxime,160.0801583,Knapsack_At
5-Methylthiopentyldesulfoglucosinolate,354.1050525,Knapsack_At
5-Methylthiopentylglucosinolate,434.0618671,Knapsack_At
5-Phosphoribosylamine,228.0278617,Knapsack_At
5-Phosphoribosylglycineamide,285.0493255,Knapsack_At
6-(2-Methoxybenzylamino)purine,254.1047336,Knapsack_At
6-(2Methoxybenzylamino)purine-9-beta-D-ribofuranoside,386.1469923,Knapsack_At
"6,9-Octadecadienedioic acid",309.207133,Knapsack_At
6alpha-Hydroxycampestanol,417.3738043,Knapsack_At
6-Deoxocastasterone,449.3636336,Knapsack_At
6-Deoxocathasterone,417.3738043,Knapsack_At
6-Deoxoteasterone,433.368719,Knapsack_At
6-Deoxotyphasterol,433.368719,Knapsack_At
6-Dihydrocastasterone,465.3585482,Knapsack_At
6-hydroxyindole-3-carboxylic acd 6-O-beta-D-glucopyranoside,338.08814,Knapsack_At
6-hydroxyindole-3-carboxylic acid 6-O-(6'-malonyl)beta-D-glucopyranoside,424.088534,Knapsack_At
6-hydroxyindole-3-carboxylic acid beta-D-glucopyranosyl ester,338.08814,Knapsack_At
6-Hydroxynicotinic acid,138.0196665,Knapsack_At
6-Methylsulfinylhexyl glucosinolate,464.0724318,Knapsack_At
6-Methylthiohexanaldoxime,174.0958084,Knapsack_At
6-Oxocampestanol,415.3581543,Knapsack_At
6-Phospho-D-gluconate,275.0173566,Knapsack_At
7-(Methylsulfinyl)heptyl glucosinolate,478.0880819,Knapsack_At
"7,8-Dihydrofolate",442.148055,Knapsack_At
"7,8-Dihydropteroate",313.1054619,Knapsack_At
"7,9,9'-tri-cis-Neurosporene",537.4465754,Knapsack_At
7-Methylthioheptyl glucosinolate,462.0931672,Knapsack_At
8-Methylsulfinyloctyl glucosinolate,492.1037319,Knapsack_At
8-Methylthiooctanaldoxime,188.1114585,Knapsack_At
8-Methylthio-octyl glucosinolate,476.1088173,Knapsack_At
9-Methylthiononanaldoxime,202.1271085,Knapsack_At
"9-Octadecene-1,18-diol",283.2642539,Knapsack_At
9-Ribosyl-cis-zeatin,350.1469923,Knapsack_At
9-Ribosyl-trans-zeatin,350.1469923,Knapsack_At
Abscisic acid aldehyde,247.133968,Knapsack_At
Acetoacetyl-CoA,850.1290612,Knapsack_At
Acetyl-CoA,808.1184965,Knapsack_At
Adenosine,266.0894774,Knapsack_At
Adenosine 5'-phosphosulfate,426.0126224,Knapsack_At
Adenylosuccinate,462.0667665,Knapsack_At
ADP-D-glucose,588.0749617,Knapsack_At
AICAR,337.0554735,Knapsack_At
Allantoic acid,175.0472783,Knapsack_At
Allantoin,157.0367136,Knapsack_At
all-trans-Nonaprenyl diphosphate,789.4993513,Knapsack_At
"alpha,alpha-Trehalose 6-phosphate",421.0752654,Knapsack_At
alpha-Carotene,535.4309253,Knapsack_At
alpha-D-Galactopyranose,179.0561116,Knapsack_At
alpha-D-Galactose 1-phosphate,259.022442,Knapsack_At
alpha-D-Glucose 1-phosphate,259.022442,Knapsack_At
alpha-D-Mannopyranose,179.0561116,Knapsack_At
alpha-Ketoglutaric acid,145.0142468,Knapsack_At
alpha-Ketopantoate,143.0713678,Knapsack_At
alpha-L-Rhamnopyranose,163.061197,Knapsack_At
alpha-Tocopherol,429.3738043,Knapsack_At
Ammonia,16.01927263,Knapsack_At
Antheraxanthin,583.4156692,Knapsack_At
Anthranilic acid,136.040402,Knapsack_At
Arabidopside A,773.4481511,Knapsack_At
Arabidopside B,801.4794512,Knapsack_At
Arabidopside C,935.5009745,Knapsack_At
Arabidopside D,947.53736,Knapsack_At
Arachidic acid,311.295554,Knapsack_At
Arvelexin,185.0720365,Knapsack_At
Behenic acid,339.3268542,Knapsack_At
Benzoic acid,121.0295029,Knapsack_At
Benzylglucosinolate,408.0428462,Knapsack_At
beta-Alanine,88.04040201,Knapsack_At
beta-Bisabolene,203.1805243,Knapsack_At
beta-Carotene,535.4309253,Knapsack_At
beta-Chamigrene,203.1805243,Knapsack_At
beta-Sesquiphellandrene,203.1805243,Knapsack_At
beta-Tocopherol,415.3581543,Knapsack_At
Biotin,243.0808866,Knapsack_At
Botrydial,309.1707474,Knapsack_At
Brassinolide,479.3378128,Knapsack_At
Brassitin,219.0597573,Knapsack_At
Cadaverine,101.108422,Knapsack_At
Caffeic acid,179.0349822,Knapsack_At
Caffeic aldehyde,163.0400676,Knapsack_At
Caffeoyl-CoA,928.1396259,Knapsack_At
Caffeyl alcohol,165.0557177,Knapsack_At
Camalexin,199.0335425,Knapsack_At
Campestanol,401.3788897,Knapsack_At
Campesterol,399.3632397,Knapsack_At
Canthaxanthin,563.3894544,Knapsack_At
Caprylic acid,143.1077533,Knapsack_At
Carbamoyl phosphate,139.9754322,Knapsack_At
Castasterone,463.3428981,Knapsack_At
Cathasterone,431.3530689,Knapsack_At
Caulilexin C,185.0720365,Knapsack_At
CDP-choline,487.1000542,Knapsack_At
Chlorophyll a,891.5280368,Knapsack_At
Chlorophyll b,905.5073014,Knapsack_At
Chlorophyllide a,613.2306856,Knapsack_At
Cholesterol,385.3475896,Knapsack_At
Choline,103.1007235,Knapsack_At
Chorismic acid,225.0404616,Knapsack_At
"cis,trans-Xanthoxin",249.1496181,Knapsack_At
cis-10-Pentadecenoic acid,239.2016536,Knapsack_At
cis-Aconitic acid,173.0091614,Knapsack_At
cis-Zeatin,218.1047336,Knapsack_At
cis-Zeatin riboside monophosphate,418.1133227,Knapsack_At
Citramalic acid,147.0298969,Knapsack_At
Citric acid,191.0197261,Knapsack_At
Coenzyme A,1004.337598,Knapsack_At
Coniferaldehyde,177.0557177,Knapsack_At
Coniferin,341.1241912,Knapsack_At
Coniferyl alcohol,179.0713678,Knapsack_At
Coproporphyrinogen III,659.3086379,Knapsack_At
Cyanidin,286.0482866,Knapsack_At
Cyanidin 3-O-[2''-O-(2'''-O-(sinapoyl) xylosyl) 6''-O-(p-coumaroyl) glucoside] 5-O-glucoside,1094.290881,Knapsack_At
Cyanidin 3-O-[2''-O-(2'''-O-(sinapoyl) xylosyl) 6''-O-(p-O-(glucosyl) p-coumaroyl) glucoside] 5-O-glucoside,1256.343704,Knapsack_At
Cyanidin 3-O-[2''-O-(2'''-O-(sinapoyl) xylosyl) glucoside] 5-O-glucoside,948.254101,Knapsack_At
Cyanidin 3-O-[2-O-(2-O-(sinapoyl)-bata-D-xylopyranosyl) 6-O-(4-O-(beta-D-glucopyranosyl)-p-coumaroyl-bata-D-glucopyranoside] 5-O-[6-O-(malonyl) bata-D-glucopyranoside],1342.344098,Knapsack_At
Cyanidin 3-O-[2''-O-(xylosyl) 6''-O-(p-O-(glucosyl) p-coumaroyl) glucoside] 5-O-[6'''-O-(malonyl) glucoside],1136.286189,Knapsack_At
Cyanidin 3-O-[2''-O-(xylosyl) glucoside] 5-O-(6'''-O-malonyl) glucoside,828.1965861,Knapsack_At
Cyanidin 3-O-[2''-O-(xylosyl)-6''-O-(p-coumaroyl) glucoside] 5-O-malonylglucoside,974.2333656,Knapsack_At
Cyanidin 3-O-[2''-O-(xylosyl)-6''-O-(p-O-(glucosyl)-p-coumaroyl) glucoside] 5-O-glucoside,1050.285796,Knapsack_At
Cyanidin 3-sambubioside-5-glucoside,742.1961922,Knapsack_At
Cycloartenol,425.3788897,Knapsack_At
Cycloeucalenol,425.3788897,Knapsack_At
Daidzein,253.0506323,Knapsack_At
D-Coenzyme A,766.1079319,Knapsack_At
D-Cysteine,120.0124727,Knapsack_At
Decanoic acid,171.1390534,Knapsack_At
delta7-Avenasterol,411.3632397,Knapsack_At
delta-Carotene,535.4309253,Knapsack_At
delta-Tocopherol,401.3425042,Knapsack_At
Deoxy phytoprostane J1,289.1809182,Knapsack_At
D-erythro-Imidazolylglycerol phosphate,237.0281961,Knapsack_At
Desulfobenzylglucosinolate,328.0860316,Knapsack_At
D-Fructose,179.0561116,Knapsack_At
"D-Fructose 1,6-bisphosphate",338.9887724,Knapsack_At
"D-Fructose 2,6-bisphosphate",338.9887724,Knapsack_At
D-Fructose 6-phosphate,259.022442,Knapsack_At
D-Galacturonic acid,193.0353762,Knapsack_At
D-Gluconate,195.0510262,Knapsack_At
D-Glucose,179.0561116,Knapsack_At
D-Glucose 6-phosphate,259.022442,Knapsack_At
D-Glyceraldehyde 3-phosphate,168.990748,Knapsack_At
D-Glyceric acid,105.0193322,Knapsack_At
Dihidrozeatin riboside-O-glucoside,500.1998158,Knapsack_At
Dihomomethionine,176.075073,Knapsack_At
Dihydrodipicolinic acid,168.0302312,Knapsack_At
Dihydroneopterin,254.0894774,Knapsack_At
Dihydroneopterin triphosphate,493.9884686,Knapsack_At
Dihydroorotate,157.0254802,Knapsack_At
Dihydroquercetin,303.0510262,Knapsack_At
Dihydrosirohydrochlorin,863.299255,Knapsack_At
Dihydrozeatin,220.1203836,Knapsack_At
Dihydrozeatin O-glucoside,382.1732071,Knapsack_At
Dihydrozeatin riboside,352.1626424,Knapsack_At
Dihydrozeatin riboside-5'-monophosphate,432.1289728,Knapsack_At
Dihydrozeatin-9-glucoside-O-glucoside,544.2260305,Knapsack_At
Dimethylallyl diphosphate,244.9985492,Knapsack_At
D-Mannitol,181.0717617,Knapsack_At
D-Mannose 1-phosphate,259.022442,Knapsack_At
D-Mannose 6-phosphate,259.022442,Knapsack_At
"D-myo-Inositol 1,4,5-triphosphate",418.9551028,Knapsack_At
"D-myo-Inositol 1,4-bisphosphate",338.9887724,Knapsack_At
D-myo-Inositol 1-phosphate,259.022442,Knapsack_At
Dotriacontanoic acid,479.4833548,Knapsack_At
"D-Ribulose 1,5-bisphosphate",308.9782077,Knapsack_At
dTDP-D-glucose,563.0684793,Knapsack_At
dTDP-L-rhamnose,547.0735647,Knapsack_At
Eicosan-1-ol,297.3162895,Knapsack_At
ent-7alpha-Hydroxykaur-16-en-19-oic acid,317.2122183,Knapsack_At
ent-Copalyl diphosphate,449.18635,Knapsack_At
ent-Kaur-16-ene,271.2431245,Knapsack_At
ent-Kaurenol,287.2380391,Knapsack_At
Episterol,397.3475896,Knapsack_At
Erythritol,121.0506323,Knapsack_At
Erythrose,119.0349822,Knapsack_At
Ethanolamine,60.04548738,Knapsack_At
Ethylene,27.02402366,Knapsack_At
Ethylene glycol,61.02950297,Knapsack_At
Farnesyl diphosphate,381.1237497,Knapsack_At
Ferulic acid,193.0506323,Knapsack_At
Feruloyl-CoA,942.155276,Knapsack_At
Fructose,179.0561116,Knapsack_At
Fumarate,112.9880321,Knapsack_At
Fumaric acid,115.0036821,Knapsack_At
Galactinol,341.1089351,Knapsack_At
gamma-Aminobutyric acid,102.056052,Knapsack_At
gamma-Carotene,535.4309253,Knapsack_At
gamma-Tocopherol,415.3581543,Knapsack_At
GDP-4-dehydro-6-deoxy-D-mannose,586.0593116,Knapsack_At
GDP-D-mannose,604.0698763,Knapsack_At
GDP-L-fucose,588.0749617,Knapsack_At
GDP-L-galactose,604.0698763,Knapsack_At
Geranyl diphosphate,313.0611495,Knapsack_At
Geranylgeranyl diphosphate,449.18635,Knapsack_At
Gibberellin A1,347.150012,Knapsack_At
Gibberellin A12,331.1914829,Knapsack_At
Gibberellin A12 aldehyde,315.1965683,Knapsack_At
Gibberellin A13,377.1605767,Knapsack_At
Gibberellin A15,329.1758328,Knapsack_At
Gibberellin A17,377.1605767,Knapsack_At
Gibberellin A19,361.1656621,Knapsack_At
Gibberellin A20,331.1550974,Knapsack_At
Gibberellin A24,345.1707474,Knapsack_At
Gibberellin A25,361.1656621,Knapsack_At
Gibberellin A27,361.1656621,Knapsack_At
Gibberellin A29,347.150012,Knapsack_At
Gibberellin A3,345.1343619,Knapsack_At
Gibberellin A34,347.150012,Knapsack_At
Gibberellin A36,361.1656621,Knapsack_At
Gibberellin A37,345.1707474,Knapsack_At
Gibberellin A4,331.1550974,Knapsack_At
Gibberellin A41,395.1711414,Knapsack_At
Gibberellin A44,345.1707474,Knapsack_At
Gibberellin A5,329.1394473,Knapsack_At
Gibberellin A51,331.1550974,Knapsack_At
Gibberellin A53,347.1863975,Knapsack_At
Gibberellin A71,347.150012,Knapsack_At
Gibberellin A8,363.1449266,Knapsack_At
Gibberellin A9,315.1601828,Knapsack_At
Glucobrassicin,447.0537452,Knapsack_At
Glucoerucin,420.046217,Knapsack_At
Glucoiberin,422.0254816,Knapsack_At
Glucomalcomiin,480.0639756,Knapsack_At
Gluconapin,372.0428462,Knapsack_At
Glucoraphanin,436.0411317,Knapsack_At
Glyceraldehyde,89.02441759,Knapsack_At
Glyceraldehyde 3-phosphate,168.990748,Knapsack_At
Glycerol,91.04006765,Knapsack_At
Glycerol 2-phosphate,171.006398,Knapsack_At
Glycerol 3-phosphate,171.006398,Knapsack_At
Glycine,74.02475194,Knapsack_At
Glycolaldehyde,59.0138529,Knapsack_At
Glyoxylic acid,72.99311746,Knapsack_At
Guanosine triphosphate,521.9833832,Knapsack_At
Heptadecanoic acid,269.2486038,Knapsack_At
Hexacosanoic acid,395.3894544,Knapsack_At
"Hexadecane-1,16-dioic acid",285.207133,Knapsack_At
Hexahomomethionine,232.1376732,Knapsack_At
Homogentisate,167.0349822,Knapsack_At
Hydrocyanic acid,26.00362257,Knapsack_At
Hydrogen sulfide,32.98044432,Knapsack_At
Hydroxymethylbilane,853.2785196,Knapsack_At
Imidazole acetol phosphate,219.0176314,Knapsack_At
IMP,347.0398234,Knapsack_At
Indole 3-carboxylic acid methyl ester,174.056052,Knapsack_At
Indole-3-acetaldoxime,173.0720365,Knapsack_At
Indole-3-acetic acid,174.056052,Knapsack_At
Indole-3-acetonitrile,155.0614718,Knapsack_At
Indole-3-butyric acid,202.0873522,Knapsack_At
Indole-3-carboxaldehyde,144.0454874,Knapsack_At
Indole-3-carboxylic acid,160.040402,Knapsack_At
Indole-3-carboxylic acid beta-D-glucopyranosyl ester,322.0932254,Knapsack_At
Indole-3-glycerol phosphate,286.0485972,Knapsack_At
Isochorismate,227.0197261,Knapsack_At
Isocitric acid,191.0197261,Knapsack_At
Isofucosterol,411.3632397,Knapsack_At
Isoliquiritigenin,255.0662824,Knapsack_At
Isopentenyl adenosine monophosphate,414.1184081,Knapsack_At
Isopentenyl diphosphate,244.9985492,Knapsack_At
Isopentenyladenine,204.125469,Knapsack_At
Isopentenyladenine-9-glucoside,364.1626424,Knapsack_At
Isopentenyladenosine,334.1520777,Knapsack_At
Isopentyenyladenine riboside monophoshate,402.1184081,Knapsack_At
Isothiocyanate,148.0226435,Knapsack_At
Kaempferitrin,577.1562792,Knapsack_At
Kaempferol,285.0404616,Knapsack_At
Kaempferol 3-galactoside-7-rhamnoside,593.1511938,Knapsack_At
Kaempferol 3-gentiobioside-7-rhamnoside,755.2040172,Knapsack_At
ketopantoic acid,145.0506323,Knapsack_At
L-(-)-Malic acid,133.0142468,Knapsack_At
L-2-Aminoadipate,160.0615314,Knapsack_At
L-4-Aspartyl phosphate,211.9965616,Knapsack_At
L-Alanine,88.04040201,Knapsack_At
L-Arginine,173.1043992,Knapsack_At
L-Arogenate,226.072096,Knapsack_At
L-Asparaginate,130.0383906,Knapsack_At
L-Asparagine,131.0462156,Knapsack_At
L-Aspartate 4-semialdehyde,116.0353166,Knapsack_At
L-Aspartic acid,132.0302312,Knapsack_At
Lauric acid,199.1703535,Knapsack_At
L-Citrulline,174.0884148,Knapsack_At
L-Cystathionine,221.0601512,Knapsack_At
L-Cysteine,120.0124727,Knapsack_At
L-Dehydroascorbate,173.0091614,Knapsack_At
L-delta1-Pyrroline-5-carboxylate,112.040402,Knapsack_At
Leucocyanidin,305.0666763,Knapsack_At
L-Formylkynurenine,235.0724304,Knapsack_At
L-Fucose,163.061197,Knapsack_At
"L-Galactono-1,4-lactone",177.0404616,Knapsack_At
L-gamma-Glutamyl-L-cysteine,249.0550658,Knapsack_At
L-Gluconolactone,177.0404616,Knapsack_At
L-Glutamate 1-semialdehyde,130.0509667,Knapsack_At
L-Glutamate 5-semialdehyde,130.0509667,Knapsack_At
L-Glutamic acid,146.0458813,Knapsack_At
L-Glutamine,145.0618657,Knapsack_At
L-Glutathione,306.0765295,Knapsack_At
L-Histidinal,138.0672854,Knapsack_At
L-Histidine,154.0622001,Knapsack_At
L-Histidinol,140.0829355,Knapsack_At
L-Histidinol phosphate,220.0492659,Knapsack_At
L-Homocysteine,134.0281228,Knapsack_At
L-Homoserine,118.0509667,Knapsack_At
Lignoceric acid,367.3581543,Knapsack_At
Liquiritigenin,255.0662824,Knapsack_At
L-isoleucine,130.0873522,Knapsack_At
L-Kynurenine,207.0775158,Knapsack_At
"LL-2,6-Diaminoheptanedioate",189.0880805,Knapsack_At
L-Lactic acid,89.02441759,Knapsack_At
L-Leucine,130.0873522,Knapsack_At
L-Lysine,145.0982512,Knapsack_At
L-Methionine,148.0437728,Knapsack_At
L-Ornithine,131.0826011,Knapsack_At
L-Pantoate,147.0662824,Knapsack_At
L-Phenylalanine,164.0717021,Knapsack_At
L-Proline,114.056052,Knapsack_At
L-Serine,104.0353166,Knapsack_At
L-Threonine,118.0509667,Knapsack_At
L-Tryptophan,203.0826011,Knapsack_At
L-Tyrosine,180.0666167,Knapsack_At
Lutein,567.4207545,Knapsack_At
L-Valine,116.0717021,Knapsack_At
Lycopene,535.4309253,Knapsack_At
Magnesium protoporphyrin monomethyl ester,597.235771,Knapsack_At
Maleate,115.0036821,Knapsack_At
Malonyl CoA,852.1083258,Knapsack_At
Maltose,341.1089351,Knapsack_At
Melibiose,341.1089351,Knapsack_At
"meso-2,6-Diaminoheptanedioate",189.0880805,Knapsack_At
Methyl jasmonate,223.133968,Knapsack_At
Methylbenzoate,135.045153,Knapsack_At
Mevalonate 5-diphosphate,306.9989432,Knapsack_At
Mevalonate 5-phosphate,227.0326128,Knapsack_At
Mevalonic acid,147.0662824,Knapsack_At
Mg-protoporphyrin IX,583.2201209,Knapsack_At
Myoinositol,179.0561116,Knapsack_At
Myrcene,135.117924,Knapsack_At
Myristic acid,227.2016536,Knapsack_At
Myristoleic acid,225.1860036,Knapsack_At
N-(5-Phospho-D-ribosyl)anthranilate,348.0489911,Knapsack_At
N-(E-4-coumaroyl)-aspartate,278.0670107,Knapsack_At
"N',N''-Bis(5-hydroxyferuloyl)-N'''-sinapoylspermidine",734.2930474,Knapsack_At
"N1,N5,N10-Tris-(5-hydroxyferuloyl)spermidine",720.2773974,Knapsack_At
NAD,662.1018451,Knapsack_At
Naringenin,271.061197,Knapsack_At
Naringenin chalcone,271.061197,Knapsack_At
N-Carbamoyl-L-aspartate,175.0360449,Knapsack_At
Neoglucobrassicin,477.0643099,Knapsack_At
Neoxanthin,599.4105838,Knapsack_At
N-hydroxy tryptamine,175.0876865,Knapsack_At
Nicotinamide,121.0407363,Knapsack_At
Nicotinate mononucleotide,334.033341,Knapsack_At
Nicotinic acid,122.0247519,Knapsack_At
Nicotinic acid adenine dinucleotide,743.0521911,Knapsack_At
N-Succinyl-2-L-amino-6-oxopimelate,288.07249,Knapsack_At
"N-Succinyl-LL-2,6-diaminoheptanedioate",289.1041245,Knapsack_At
O-Acetyl-L-serine,146.0458813,Knapsack_At
Obtusifoliol,425.3788897,Knapsack_At
"Octadeca-9-ene-1,18-dioic-acid",311.222783,Knapsack_At
"Octadecadiene-1,18-diol",281.2486038,Knapsack_At
Octadecanoic acid,283.2642539,Knapsack_At
"Octadecene-1,9,18-triol",299.2591685,Knapsack_At
Oleic acid,281.2486038,Knapsack_At
O-Phospho-L-homoserine,198.0172971,Knapsack_At
Orotate,154.0020051,Knapsack_At
Orotidine 5'-phosphate,367.0184193,Knapsack_At
Oxalic acid,88.98803208,Knapsack_At
Palmitic acid,255.2329538,Knapsack_At
p-Aminobenzoic acid,136.040402,Knapsack_At
Pantothenic acid,218.1033962,Knapsack_At
p-Coumaric acid,163.0400676,Knapsack_At
p-Coumaryl alcohol,149.0608031,Knapsack_At
Pelargonidin,270.053372,Knapsack_At
Pentadecanoic acid,241.2173037,Knapsack_At
Pentahomomethionine,218.1220232,Knapsack_At
Peonidin 3-[6-(3-glucosylcaffeyl)glucoside]-5-glucoside,948.254101,Knapsack_At
Phenylacetaldoxime,134.0611374,Knapsack_At
Phenylacetonitrile,116.0505727,Knapsack_At
Phenylacetothiohydroximate,166.0332082,Knapsack_At
Phenylpyruvic acid,163.0400676,Knapsack_At
Phosphate,96.9696186,Knapsack_At
Phosphoribosyl-AMP,558.064397,Knapsack_At
Phosphoribosyl-ATP,717.9970577,Knapsack_At
Phosphoribosyl-formamido-carboxamide,365.0503881,Knapsack_At
Phosphorylcholine,183.066593,Knapsack_At
Phylloquinone,449.3425042,Knapsack_At
Phytol,295.3006394,Knapsack_At
Phytyl diphosphate,455.2333002,Knapsack_At
Plastoquinone 9,747.6085553,Knapsack_At
Porphobilinogen,225.0880805,Knapsack_At
Progesterone,313.2173037,Knapsack_At
Progoitrin,388.0377608,Knapsack_At
Protoporphyrin IX,561.2507291,Knapsack_At
Protoporphyrinogen IX,567.2976793,Knapsack_At
PRPP,388.9445381,Knapsack_At
Putrescine,87.09277193,Knapsack_At
Pyridoxal,166.0509667,Knapsack_At
Pyridoxal phosphate,246.0172971,Knapsack_At
Pyridoxamine,167.0826011,Knapsack_At
Pyridoxamine phosphate,247.0489315,Knapsack_At
Pyridoxine 5-phosphate,248.0329471,Knapsack_At
Pyroglutamic acid,128.0353166,Knapsack_At
Pyruvic acid,87.00876752,Knapsack_At
Quercetin,301.0353762,Knapsack_At
"Quercetin 3,7-di-O-alpha-L-rhamnopyranoside",593.1511938,Knapsack_At
Quercetin 3-O-[6''-O-rhamnosyl)glucoside] 7-O-rhamnoside,755.2040172,Knapsack_At
Quercetin 3-O-beta-D-glucopyranosyl-7-O-alpha-L-rhamnopyranoside,609.1461084,Knapsack_At
Quinic acid,191.0561116,Knapsack_At
Quinic acid,191.0561116,Knapsack_At
Quinolinic acid,166.0145812,Knapsack_At
Raffinose,503.1617585,Knapsack_At
Rapalexin A,203.0284571,Knapsack_At
Ribose,149.0455469,Knapsack_At
Saccharopine,275.1248599,Knapsack_At
S-Adenosyl-L-homocysteine,383.114312,Knapsack_At
S-Adenosyl-L-methionine,397.1299621,Knapsack_At
Salicylic acid,137.0244176,Knapsack_At
Scopoletin,191.0349822,Knapsack_At
Scopolin,353.0878057,Knapsack_At
Shikimic acid,173.0455469,Knapsack_At
Sinapic acid,223.061197,Knapsack_At
Sinapine,309.1581714,Knapsack_At
Sinapoyl-(S)-malate,339.0721556,Knapsack_At
Sinapoyl-CoA,972.1658407,Knapsack_At
Sinapyl alcohol,209.0819324,Knapsack_At
Sinigrin,358.0271961,Knapsack_At
Siroheme,917.2185468,Knapsack_At
Sirohydrochlorin,861.283605,Knapsack_At
Skimmin,323.077241,Knapsack_At
Spermidine,144.1506211,Knapsack_At
Spermine,201.2084704,Knapsack_At
Sphinganine,300.290803,Knapsack_At
Sphinganine-1-phosphate,380.2571334,Knapsack_At
Squalene,409.3839751,Knapsack_At
Stigmasterol,411.3632397,Knapsack_At
Succinic acid,117.0193322,Knapsack_At
Sucrose,341.1089351,Knapsack_At
Sulfate,96.96010281,Knapsack_At
Syringaldehyde,181.0506323,Knapsack_At
Syringic acid,197.0455469,Knapsack_At
Syringin,371.1347559,Knapsack_At
Teasterone,447.3479835,Knapsack_At
Tetrahomomethionine,204.1063731,Knapsack_At
Tetrahydrofolate,444.163705,Knapsack_At
Thujopsene,203.1805243,Knapsack_At
trans-4-Hydroxy-L-proline,130.0509667,Knapsack_At
trans-Cinnamic acid,147.045153,Knapsack_At
trans-Zeatin,218.1047336,Knapsack_At
trans-Zeatin riboside monophosphate,418.1133227,Knapsack_At
Trehalose,341.1089351,Knapsack_At
Tridecanoic acid,213.1860036,Knapsack_At
Tryptamine,159.0927719,Knapsack_At
Typhasterol,447.3479835,Knapsack_At
Tyramine,136.0767875,Knapsack_At
Ubiquinone 9,793.6140346,Knapsack_At
UDP,402.9949204,Knapsack_At
UDP-4-keto-6-deoxyglucose,547.0371792,Knapsack_At
UDP-D-galactose,565.0477438,Knapsack_At
UDP-D-galacturonate,579.0270084,Knapsack_At
UDP-D-glucose,565.0477438,Knapsack_At
UDP-D-glucuronate,579.0270084,Knapsack_At
UDP-D-xylo-4-keto-hexuronate,417.0786976,Knapsack_At
UDP-D-xylose,375.1045184,Knapsack_At
UDP-L-threo-4-pentosulose,373.0888683,Knapsack_At
UDP-Sulfoquinovose,628.0018188,Knapsack_At
UMP,323.02859,Knapsack_At
Undecanoic acid,185.1547035,Knapsack_At
Urate,167.0210635,Knapsack_At
Urea,59.02508629,Knapsack_At
Uroporphyrinogen III,835.2679549,Knapsack_At
Vanillic acid,167.0349822,Knapsack_At
Vanillin,151.0400676,Knapsack_At
Vetispiradiene,205.1961743,Knapsack_At
Violaxanthin,599.4105838,Knapsack_At
Xanthosine 5'-monophosphate,363.034738,Knapsack_At
Xylose,149.0455469,Knapsack_At
Zeatin 7-glucoside,380.157557,Knapsack_At
Zeatin 9-glucoside,380.157557,Knapsack_At
Zeatin riboside-O-glucoside,512.1998158,Knapsack_At
Zeatin-9-glucoside-O-glucoside,542.2103804,Knapsack_At
Zeaxanthin,567.4207545,Knapsack_At
(-)-Epicatechin,289.0717635,Phenol Explorer
(-)-Epicatechin 3-O-gallate,441.0827235,Phenol Explorer
(-)-Epigallocatechin,305.0666785,Phenol Explorer
(-)-Epigallocatechin 3-O-gallate,457.0776385,Phenol Explorer
(-)-Epigallocatechin 3'-O-glucuronide,481.0987685,Phenol Explorer
(-)-Epigallocatechin 3-O-glucuronide,481.0987685,Phenol Explorer
(-)-Epigallocatechin 7-O-glucuronide,481.0987685,Phenol Explorer
(+)-Catechin,289.0717635,Phenol Explorer
"1,3,5-Trimethoxybenzene ",167.0713685,Phenol Explorer
"1,5-Dicaffeoylquinic acid",515.1195035,Phenol Explorer
"1,5-Diferuloylquinic acid",543.1508035,Phenol Explorer
1-Caffeoyl-5-feruloylquinic acid,529.1351535,Phenol Explorer
1-Feruloyl-5-caffeoylquinic acid,529.1351535,Phenol Explorer
"2,3-Dihydroxybenzoic acid",153.0193335,Phenol Explorer
"2,4-Dihydroxyacetophenone 5-sulfate",230.9968855,Phenol Explorer
"2,4-Dihydroxybenzoic acid",153.0193335,Phenol Explorer
"2',7-Dihydroxy-4',5'-dimethoxyisoflavone",313.0717635,Phenol Explorer
2-Dehydro-O-desmethylangolensin,255.0662835,Phenol Explorer
2-Hydroxy-2-phenylacetic acid,151.0400685,Phenol Explorer
2-Hydroxy-4-methoxyacetophenone 5-sulfate,261.0074505,Phenol Explorer
2-Hydroxybenzoic acid,137.0244185,Phenol Explorer
2-Hydroxyenterodiol,317.1394485,Phenol Explorer
2'-Hydroxyenterolactone ,313.1081485,Phenol Explorer
2-Hydroxyenterolactone ,313.1081485,Phenol Explorer
2'-Hydroxyformononetin,283.0611985,Phenol Explorer
2-Hydroxyhippuric acid,410.1644665,Phenol Explorer
2-Hydroxyphenylacetic acid ,151.0400685,Phenol Explorer
"3-(3,4-Dihydroxyphenyl)-2-methoxypropionic acid",211.0611985,Phenol Explorer
"3,4,5,4'-Tetramethoxystilbene",475.3112215,Phenol Explorer
"3',4',5,7-Tetrahydroxyisoflavanone",287.0561135,Phenol Explorer
"3',4',7-Trihydroxyisoflavan",257.0819335,Phenol Explorer
"3',4',7-Trihydroxyisoflavanone",271.0611985,Phenol Explorer
"3,4-DHPEA-EDA",319.1187135,Phenol Explorer
"3,4-Dicaffeoylquinic acid",515.1195035,Phenol Explorer
"3,4-Dihydroxyphenylacetic acid",167.0349835,Phenol Explorer
"3,4-Dihydroxyphenyllactic acid methyl ester",211.0611985,Phenol Explorer
"3,4-O-Dimethylgallic acid",197.0455485,Phenol Explorer
"3,5-Dicaffeoylquinic acid",515.1195035,Phenol Explorer
"3,5-Dihydroxybenzoic acid",153.0193335,Phenol Explorer
3-Caffeoylquinic acid,353.0878085,Phenol Explorer
3-Feruloylquinic acid,367.1034585,Phenol Explorer
3-Hydroxy-3-(3-hydroxyphenyl)propionic acid,181.0506335,Phenol Explorer
"3'-Hydroxy-3,4,5,4'-tetramethoxystilbene",301.1081485,Phenol Explorer
3-Hydroxy-4-methoxyphenyllactic acid,211.0611985,Phenol Explorer
3-Hydroxybenzoic acid,137.0244185,Phenol Explorer
3'-Hydroxydaidzein,269.0455485,Phenol Explorer
3'-Hydroxydihydrodaidzein,271.0611985,Phenol Explorer
3'-Hydroxyequol,257.0819335,Phenol Explorer
3'-Hydroxygenistein,285.0404635,Phenol Explorer
3-Hydroxyhippuric acid,194.0458825,Phenol Explorer
3'-Hydroxymelanettin,299.0561135,Phenol Explorer
3'-Hydroxy-O-desmethylangolensin,273.0768485,Phenol Explorer
3-Hydroxyphenylacetic acid,151.0400685,Phenol Explorer
3-Hydroxyphenylpropionic acid,165.0557185,Phenol Explorer
3-Hydroxyphenylvaleric acid,193.0870185,Phenol Explorer
3-Methoxy-4-hydroxyphenyllactic acid,211.0611985,Phenol Explorer
3'-O-Methyl-(-)-epicatechin 7-O-glucuronide,479.1195035,Phenol Explorer
3'-O-Methylcatechin ,303.0874135,Phenol Explorer
3'-O-Methylcyanidin 3-O-?-D-glucoside,462.1167635,Phenol Explorer
3'-O-Methylepicatechin,303.0874135,Phenol Explorer
3'-O-Methylequol,271.0975835,Phenol Explorer
3-O-Methylgallic acid ,183.0298985,Phenol Explorer
3-O-Methylrosmarinic acid,373.0928935,Phenol Explorer
3'-O-Methylviolanone,329.1030635,Phenol Explorer
3-Phenylpropionic acid,149.0608035,Phenol Explorer
"4',4""-O-Dimethylepigallocatechin 3-O-gallate",485.1089385,Phenol Explorer
"4,5-Dicaffeoylquinic acid",515.1195035,Phenol Explorer
"4',6,7-Trihydroxyisoflavanone",271.0611985,Phenol Explorer
"4',7,8-Trihydroxyisoflavanone",271.0611985,Phenol Explorer
"4',7-Dihydroxy-3'-methoxyisoflavan",271.0975835,Phenol Explorer
"4',7-Dihydroxy-6-methoxyisoflavan ",271.0975835,Phenol Explorer
4-Ethylbenzoic acid,149.0608035,Phenol Explorer
4-Ethylphenol,121.0658885,Phenol Explorer
4-Feruloylquinic acid,367.1034585,Phenol Explorer
"4-Hydroxy-(3',4'-dihydroxyphenyl)valeric acid ",225.0768485,Phenol Explorer
"4'-Hydroxy-3,4,5-trimethoxystilbene",285.1132335,Phenol Explorer
"4-Hydroxy-3,5,4'-trimethoxystilbene",285.1132335,Phenol Explorer
4-Hydroxybenzoic acid,137.0244185,Phenol Explorer
4-Hydroxyenterodiol,317.1394485,Phenol Explorer
4'-Hydroxyenterolactone ,313.1081485,Phenol Explorer
4-Hydroxyenterolactone ,313.1081485,Phenol Explorer
4-Hydroxyhippuric acid,194.0458825,Phenol Explorer
4-Hydroxymandelic acid,167.0349835,Phenol Explorer
4-Hydroxyphenyl-2-propionic acid,165.0557185,Phenol Explorer
4-Hydroxyphenylacetic acid,151.0400685,Phenol Explorer
"4'-Methoxy-2',3,7-trihydroxyisoflavanone",301.0717635,Phenol Explorer
4'-O-Methyl-(-)-epicatechin 3'-O-glucuronide,479.1195035,Phenol Explorer
4'-O-Methyl-(-)-epigallocatechin 3'-O-glucuronide,495.1144185,Phenol Explorer
4'-O-Methyl-(-)-epigallocatechin 7-O-glucuronide,495.1144185,Phenol Explorer
4-O-Methyldelphinidin 3-O-?-D-glucoside,478.1116785,Phenol Explorer
4'-O-Methyldelphinidin 3-O-rutinoside,624.1695885,Phenol Explorer
4'-O-Methylepicatechin,303.0874135,Phenol Explorer
4'-O-Methylepigallocatechin ,319.0823285,Phenol Explorer
4''-O-Methylepigallocatechin 3-O-gallate,471.0932885,Phenol Explorer
4'-O-Methylequol,255.1026685,Phenol Explorer
4-O-Methylgallic acid ,183.0298985,Phenol Explorer
"5-(3',4',5'-trihydroxyphenyl)-?-valerolactone",223.0611985,Phenol Explorer
"5-(3',4',-dihydroxyphenyl)-?-valerolactone",207.0662835,Phenol Explorer
"5-(3',4'-dihydroxyphenyl)-valeric acid  ",209.0819335,Phenol Explorer
"5-(3',5'-dihydroxyphenyl)-?-valerolactone",207.0662835,Phenol Explorer
"5-(3',5'-dihydroxyphenyl)-?-valerolactone 3-O-glucuronide",383.0983735,Phenol Explorer
5-(3'-Methoxy-4'-hydroxyphenyl)-?-valerolactone ,221.0819335,Phenol Explorer
"5,6,7,3',4'-Pentahydroxyisoflavone",301.0353785,Phenol Explorer
"5,6,7,4'-Tetrahydroxyisoflavone",285.0404635,Phenol Explorer
"5,7,8,3',4'-Pentahydroxyisoflavone",301.0353785,Phenol Explorer
"5,7,8,4'-Tetrahydroxyisoflavone",285.0404635,Phenol Explorer
"5,7-Dihydroxy-8,4'-dimethoxyisoflavone",329.0666785,Phenol Explorer
5-Caffeoylquinic acid,353.0878085,Phenol Explorer
5-Feruloylquinic acid,367.1034585,Phenol Explorer
5-Hydroxyenterolactone ,313.1081485,Phenol Explorer
5'-Hydroxy-O-desmethylangolensin,273.0768485,Phenol Explorer
5'-Methoxy-O-desmethylangolensin,287.0924985,Phenol Explorer
5-p-Coumaroylquinic acid,337.0928935,Phenol Explorer
"6,7,3',4'-Tetrahydroxyisoflavone",285.0404635,Phenol Explorer
"6,7,4'-Trihydroxyisoflavone",269.0455485,Phenol Explorer
6'-Hydroxyangolensin,287.0924985,Phenol Explorer
6-Hydroxydihydrodaidzein,271.0611985,Phenol Explorer
6-Hydroxyenterodiol,317.1394485,Phenol Explorer
6'-Hydroxyenterolactone ,313.1081485,Phenol Explorer
6-Hydroxyenterolactone ,313.1081485,Phenol Explorer
6'-Hydroxy-O-desmethylangolensin ,273.0768485,Phenol Explorer
6''-O-Malonyldaidzin,501.1038535,Phenol Explorer
6-O-Methylequol,271.0975835,Phenol Explorer
"7,8,3',4'-Tetrahydroxyisoflavone",285.0404635,Phenol Explorer
"7,8,4'-Trihydroxyisoflavone",269.0455485,Phenol Explorer
7-Hydroxyenterolactone,313.1081485,Phenol Explorer
7-Hydroxymatairesinol,373.1292785,Phenol Explorer
8-Hydroxydaidzein,269.0455485,Phenol Explorer
8-Hydroxydihydrodaidzein,271.0611985,Phenol Explorer
Angolensin,271.0975835,Phenol Explorer
Benzoic acid,121.0295035,Phenol Explorer
Biochanin A,283.0611985,Phenol Explorer
Butein,271.0611985,Phenol Explorer
Butin,271.0611985,Phenol Explorer
Caffeic acid,179.0349835,Phenol Explorer
Caffeic acid 3-O-glucuronide,355.0670735,Phenol Explorer
Caffeic acid 3-sulfate,258.9918005,Phenol Explorer
Caffeic acid 4-O-glucuronide,355.0670735,Phenol Explorer
Caffeic acid 4-sulfate,258.9918005,Phenol Explorer
Caffeoyl C1-glucuronide,355.0670735,Phenol Explorer
Calycosin,283.0611985,Phenol Explorer
Catechol,109.0295035,Phenol Explorer
cis-4-Hydroxyequol,257.0819335,Phenol Explorer
cis-Resveratrol 3-O-glucuronide,403.1034585,Phenol Explorer
cis-Resveratrol 3-sulfate,307.0281855,Phenol Explorer
cis-Resveratrol 4'-O-glucuronide,403.1034585,Phenol Explorer
cis-Resveratrol 4'-sulfate,307.0281855,Phenol Explorer
Coumestrol,267.0298985,Phenol Explorer
Cyanidin,286.0482885,Phenol Explorer
"Cyanidin 3,5-O-diglucoside",610.1539385,Phenol Explorer
Cyanidin 3-O-(2-O-(6-O-(E)-caffeoyl-?-D glucoside)-?-D-glucoside)-5-O-?-D-glucoside,948.2541085,Phenol Explorer
"Cyanidin 3-O-(3'',6''-O-dimalonyl-glucoside)",620.1019035,Phenol Explorer
Cyanidin 3-O-(6''-malonyl-glucoside),534.1015085,Phenol Explorer
Cyanidin 3-O-arabinoside,418.0905485,Phenol Explorer
Cyanidin 3-O-diglucoside-5-O-glucoside,772.2067635,Phenol Explorer
Cyanidin 3-O-galactoside,448.1011135,Phenol Explorer
Cyanidin 3-O-glucoside,448.1011135,Phenol Explorer
Cyanidin 3-O-rutinoside,594.1590235,Phenol Explorer
Cyanidin 3-O-sambubioside,615.1122265,Phenol Explorer
Cyanidin 3-O-sambubiosyl 5-O-glucoside,742.1961985,Phenol Explorer
Cyanidin 3-O-sophoroside,610.1539385,Phenol Explorer
Cyanidin 3-O-xyloside,418.0905485,Phenol Explorer
Cyanidin 3-O-xylosyl-rutinoside,726.2012835,Phenol Explorer
Cyclolariciresinol,359.1500135,Phenol Explorer
Daidzein,253.0506335,Phenol Explorer
Daidzein 4'-O-glucuronide,429.0827235,Phenol Explorer
Daidzein 7-O-glucuronide,429.0827235,Phenol Explorer
Daidzin,415.1034585,Phenol Explorer
Daidzin 4'-O-glucuronide,591.1355485,Phenol Explorer
Dalbergin,267.0662835,Phenol Explorer
Danshensu ,197.0455485,Phenol Explorer
Delphinidin 3-O-arabinoside,434.0854635,Phenol Explorer
Delphinidin 3-O-galactoside,464.0960285,Phenol Explorer
Delphinidin 3-O-glucoside,464.0960285,Phenol Explorer
Delphinidin 3-O-rutinoside,610.1539385,Phenol Explorer
Deoxyschisandrin,415.2126135,Phenol Explorer
Dihydrobiochanin A,285.0768485,Phenol Explorer
Dihydrocaffeic acid,181.0506335,Phenol Explorer
Dihydrocaffeic acid 3-O-glucuronide,357.0827235,Phenol Explorer
Dihydrocaffeic acid 3-sulfate,261.0074505,Phenol Explorer
Dihydrodaidzein,255.0662835,Phenol Explorer
Dihydrodaidzein 7-O-glucuronide,431.0983735,Phenol Explorer
Dihydroferulic acid ,195.0662835,Phenol Explorer
Dihydroferulic acid 4-O-glucuronide,371.0983735,Phenol Explorer
Dihydroferulic acid 4-sulfate,275.0231005,Phenol Explorer
Dihydroferuloylglycine,252.0877475,Phenol Explorer
Dihydroformononetin,269.0819335,Phenol Explorer
Dihydrogenistein,271.0611985,Phenol Explorer
Dihydroglycitein,285.0768485,Phenol Explorer
Dihydroquercetin,303.0510285,Phenol Explorer
Dihydroresveratrol,229.0870185,Phenol Explorer
Dihydrosinapic acid ,225.0768485,Phenol Explorer
Ellagic acid,300.9989935,Phenol Explorer
Enterodiol ,301.1445335,Phenol Explorer
Enterolactone,297.1132335,Phenol Explorer
Epicatechin 3'-O-glucuronide,465.1038535,Phenol Explorer
Epicatechin 7-O-glucuronide,465.1038535,Phenol Explorer
Epigallocatechin 3-O-gallate-7-O-glucoside-4''-O-glucuronide,795.1625535,Phenol Explorer
Episesaminol,369.0979785,Phenol Explorer
Equol ,241.0870185,Phenol Explorer
Equol 4'-O-glucuronide,417.1191085,Phenol Explorer
Equol 7-O-glucuronide,417.1191085,Phenol Explorer
Eriodictyol,287.0561135,Phenol Explorer
Ferulic acid,193.0506335,Phenol Explorer
Ferulic acid 4-O-glucuronide,369.0827235,Phenol Explorer
Ferulic acid 4-sulfate,273.0074505,Phenol Explorer
Feruloyl C1-glucuronide,369.0827235,Phenol Explorer
Feruloylglycine,249.0642725,Phenol Explorer
Formononetin,267.0662835,Phenol Explorer
Formononetin 7-O-glucuronide,443.0983735,Phenol Explorer
Gallagic acid,603.0052635,Phenol Explorer
Gallic acid,169.0142485,Phenol Explorer
Gallic acid ethyl ester,197.0455485,Phenol Explorer
Genistein,269.0455485,Phenol Explorer
"Genistein 4',7-O-diglucuronide",621.1097285,Phenol Explorer
Genistein 4'-O-glucuronide,445.0776385,Phenol Explorer
Genistein 5-O-glucuronide,445.0776385,Phenol Explorer
Genistein 7-O-glucuronide,445.0776385,Phenol Explorer
Gentisic acid,153.0193335,Phenol Explorer
Glycine,74.02475253,Phenol Explorer
Glycitein,283.0611985,Phenol Explorer
Glycitein 4'-O-glucuronide,459.0932885,Phenol Explorer
Glycitein 7-O-glucuronide,459.0932885,Phenol Explorer
Glycitin,445.1140235,Phenol Explorer
Gomisin D,529.2079235,Phenol Explorer
Gomisin M2,385.1656635,Phenol Explorer
Hesperetin,301.0717635,Phenol Explorer
"Hesperetin 3',7-O-diglucuronide",653.1359435,Phenol Explorer
Hesperetin 3'-O-glucuronide,477.1038535,Phenol Explorer
Hesperetin 3'-sulfate,381.0285805,Phenol Explorer
"Hesperetin 5,7-O-diglucuronide",653.1359435,Phenol Explorer
Hesperetin 7-O-glucuronide,477.1038535,Phenol Explorer
Hesperidin,609.1824985,Phenol Explorer
Hippuric acid,178.0509675,Phenol Explorer
Homoeriodictyol,301.0717635,Phenol Explorer
Homovanillic acid,181.0506335,Phenol Explorer
Homovanillic acid 4-sulfate,261.0074505,Phenol Explorer
Homovanillyl alcohol,167.0713685,Phenol Explorer
Hydroxydanshensu,213.0404635,Phenol Explorer
Hydroxytyrosol,153.0557185,Phenol Explorer
Irilone,297.0404635,Phenol Explorer
Irisolidone,313.0717635,Phenol Explorer
Irisolidone 7-O-glucuronide,489.1038535,Phenol Explorer
Isoferulic acid,193.0506335,Phenol Explorer
Isoferulic acid 3-O-glucuronide,369.0827235,Phenol Explorer
Isoferulic acid 3-sulfate,273.0074505,Phenol Explorer
Isoferuloyl C1-glucuronide,369.0827235,Phenol Explorer
Isoliquiritigenin,255.0662835,Phenol Explorer
Isopeonidin 3-O-arabinoside ,432.1061985,Phenol Explorer
Isopeonidin 3-O-galactoside,462.1167635,Phenol Explorer
Isopeonidin 3-O-glucoside,462.1167635,Phenol Explorer
Isopeonidin 3-O-rutinoside,608.1746735,Phenol Explorer
Isopeonidin 3-O-sambubioside,594.1590235,Phenol Explorer
Isopeonidin 3-O-xyloside,432.1061985,Phenol Explorer
"Isopropyl 3-(3,4-dihydroxyphenyl)-2-hydroxypropanoate",239.0924985,Phenol Explorer
Isorhamnetin,315.0510285,Phenol Explorer
Isorhamnetin 3-O-glucoside,477.1038535,Phenol Explorer
Isorhamnetin 3-O-glucuronide,491.0831185,Phenol Explorer
Isorhamnetin 4'-O-glucuronide,491.0831185,Phenol Explorer
Isosakuranetin,285.0768485,Phenol Explorer
Isotectorigenin,299.0561135,Phenol Explorer
Kaempferol,285.0404635,Phenol Explorer
Koparin,299.0561135,Phenol Explorer
Lariciresinol,359.1500135,Phenol Explorer
Lithospermic acid ,537.1038535,Phenol Explorer
Malvidin 3-O-arabinoside,462.1167635,Phenol Explorer
Malvidin 3-O-galactoside,527.0961815,Phenol Explorer
Malvidin 3-O-glucoside,492.1273285,Phenol Explorer
Matairesinol,357.1343635,Phenol Explorer
m-Coumaric acid,163.0400685,Phenol Explorer
Melanettin,283.0611985,Phenol Explorer
Naringenin,271.0611985,Phenol Explorer
Naringenin 4'-O-glucuronide,447.0932885,Phenol Explorer
Naringenin 5-O-glucuronide,447.0932885,Phenol Explorer
Naringenin 7-O-glucuronide,447.0932885,Phenol Explorer
Naringin,579.1719335,Phenol Explorer
Neohesperidin,609.1824985,Phenol Explorer
Norathyriol,259.0248135,Phenol Explorer
O-Desmethylangolensin,257.0819335,Phenol Explorer
Oleuropein,539.1770185,Phenol Explorer
Orobol ,285.0404635,Phenol Explorer
Paeoniflorin,479.1558885,Phenol Explorer
Paeonol,165.0557185,Phenol Explorer
p-Coumaric acid,163.0400685,Phenol Explorer
Pelargonidin,270.0533735,Phenol Explorer
Pelargonidin 3-O-(6''-malonyl-glucoside),518.1065935,Phenol Explorer
Pelargonidin 3-O-glucoside,432.1061985,Phenol Explorer
Pelargonidin 3-O-glucosyl-rutinoside,740.2169335,Phenol Explorer
Pelargonidin 3-O-sophoroside,594.1590235,Phenol Explorer
Peonidin 3-O-(2-O-(6-O-(E)-caffeoyl-?-D-glucosyl)-?-D-glucoside)-5-O-?-D-glucoside,948.2541085,Phenol Explorer
Peonidin 3-O-arabinoside,448.1011135,Phenol Explorer
Peonidin 3-O-diglucoside-5-O-glucoside,786.2224135,Phenol Explorer
Peonidin 3-O-galactoside,462.1167635,Phenol Explorer
Peonidin 3-O-glucoside,462.1167635,Phenol Explorer
Peonidin 3-O-rutinoside,608.1746735,Phenol Explorer
Peonidin 3-O-sambubioside,594.1590235,Phenol Explorer
Peonidin 3-O-sambubioside-5-O-glucoside,756.2118485,Phenol Explorer
Peonidin 3-O-sophoroside ,624.1695885,Phenol Explorer
Peonidin 3-O-xyloside,432.1061985,Phenol Explorer
Petunidin 3-O-arabinoside,448.1011135,Phenol Explorer
Petunidin 3-O-galactoside,478.1116785,Phenol Explorer
Petunidin 3-O-glucoside,478.1116785,Phenol Explorer
Phenacetylglycine,192.0666175,Phenol Explorer
Phenylacetic acid,135.0451535,Phenol Explorer
Phloretin,273.0768485,Phenol Explorer
Phloretin 2'-O-glucuronide,449.1089385,Phenol Explorer
p-HPEA-EDA,303.1237985,Phenol Explorer
Procyanidin dimer B1,577.1351535,Phenol Explorer
Procyanidin dimer B2,577.1351535,Phenol Explorer
Procyanidin dimer B3,577.1351535,Phenol Explorer
Procyanidin dimer B4,577.1351535,Phenol Explorer
Protocatechuic acid,153.0193335,Phenol Explorer
Protocatechuic aldehyde,137.0244185,Phenol Explorer
Prunetin,283.0611985,Phenol Explorer
Pseudobaptigenin,281.0455485,Phenol Explorer
Puerarin,415.1034585,Phenol Explorer
Punicalagin,1083.059274,Phenol Explorer
Punicalin,781.0530035,Phenol Explorer
Pyrogallol,125.0244185,Phenol Explorer
Quercetin,301.0353785,Phenol Explorer
"Quercetin 3,4'-O-diglucoside",625.1410285,Phenol Explorer
Quercetin 3-O-glucoside,463.0882035,Phenol Explorer
Quercetin 3'-O-glucuronide,477.0674685,Phenol Explorer
Quercetin 3-O-glucuronide,477.0674685,Phenol Explorer
Quercetin 3-O-rutinoside,609.1461135,Phenol Explorer
Quercetin 3'-sulfate,380.9921955,Phenol Explorer
Quercetin 4'-O-glucuronide,477.0674685,Phenol Explorer
Resacetophenone,151.0400685,Phenol Explorer
Resveratrol,227.0713685,Phenol Explorer
Resveratrol 3-sulfate,307.0281855,Phenol Explorer
Rosmarinic acid,359.0772435,Phenol Explorer
Salvianolic acid B,717.1461135,Phenol Explorer
Salvianolic acid C,491.0983735,Phenol Explorer
Salvianolic acid D,237.0404635,Phenol Explorer
Salvianolic acid G,417.0827235,Phenol Explorer
Sativanone,299.0924985,Phenol Explorer
Schisandrin,431.2075285,Phenol Explorer
Schisandrin B,399.1813135,Phenol Explorer
Schisandrin C,383.1500135,Phenol Explorer
Schisandrol B,415.1762285,Phenol Explorer
Schisanhenol,401.1969635,Phenol Explorer
Schisantherin A,535.1973585,Phenol Explorer
Secoisolariciresinol,361.1656635,Phenol Explorer
Sesaminol,369.0979785,Phenol Explorer
Sesaminol 2-O-triglucoside,829.2408035,Phenol Explorer
Sinapic acid,223.0611985,Phenol Explorer
Stevenin,283.0611985,Phenol Explorer
Syringic acid,197.0455485,Phenol Explorer
Tectoridin,461.1089385,Phenol Explorer
Tectorigenin,299.0561135,Phenol Explorer
Tectorigenin 4'-sulfate,379.0129305,Phenol Explorer
Tectorigenin 7-sulfate,379.0129305,Phenol Explorer
Theaflavin,563.1195035,Phenol Explorer
Tigloylgomicin H,499.2337435,Phenol Explorer
Trans-Resveratrol,227.0713685,Phenol Explorer
"trans-Resveratrol 3,4'-disulfate",386.9850025,Phenol Explorer
"trans-Resveratrol 3,5-disulfate",386.9850025,Phenol Explorer
trans-Resveratrol 3-O-glucuronide,403.1034585,Phenol Explorer
trans-Resveratrol 3-sulfate,307.0281855,Phenol Explorer
trans-Resveratrol 4'-O-glucuronide,403.1034585,Phenol Explorer
trans-Resveratrol 4'-sulfate,307.0281855,Phenol Explorer
Tyrosol,137.0608035,Phenol Explorer
Tyrosol 4-sulfate,217.0176205,Phenol Explorer
Urolithin A,227.0349835,Phenol Explorer
"Urolithin A 3,8-O-diglucuronide",579.0991635,Phenol Explorer
Urolithin B,211.0400685,Phenol Explorer
Urolithin B 3-O-glucuronide,387.0721585,Phenol Explorer
Urolithin C  ,243.0298985,Phenol Explorer
Vanillic acid,167.0349835,Phenol Explorer
Vanillic acid 4-sulfate,246.9918005,Phenol Explorer
Vanillin,151.0400685,Phenol Explorer
Vanillin 4-sulfate,230.9968855,Phenol Explorer
Vanilloylglycine,224.0564475,Phenol Explorer
Vestitone,285.0768485,Phenol Explorer
Violanone,315.0874135,Phenol Explorer
Cyanidin 3-O-(6''-acetyl-galactoside),490.1116785,Phenol Explorer2 (Food)
Cyanidin 3-O-(6''-acetyl-glucoside),490.1116785,Phenol Explorer2 (Food)
Cyanidin 3-O-(6''-caffeoyl-glucoside),610.1328085,Phenol Explorer2 (Food)
Cyanidin 3-O-(6''-dioxalyl-glucoside),591.0627785,Phenol Explorer2 (Food)
Cyanidin 3-O-(6''-malonyl-3''-glucosyl-glucoside),696.1543335,Phenol Explorer2 (Food)
Cyanidin 3-O-(6''-p-coumaroyl-glucoside),594.1378935,Phenol Explorer2 (Food)
Cyanidin 3-O-(6''-succinyl-glucoside),548.1171585,Phenol Explorer2 (Food)
Cyanidin 3-O-glucosyl-rutinoside,756.2118485,Phenol Explorer2 (Food)
Cyanidin 3-O-sambubioside 5-O-glucoside,742.1961985,Phenol Explorer2 (Food)
"Delphinidin 3,5-O-diglucoside",626.1488535,Phenol Explorer2 (Food)
Delphinidin 3-O-(6''-acetyl-galactoside),506.1065935,Phenol Explorer2 (Food)
Delphinidin 3-O-(6''-acetyl-glucoside),506.1065935,Phenol Explorer2 (Food)
Delphinidin 3-O-(6''-p-coumaroyl-glucoside),610.1328085,Phenol Explorer2 (Food)
Delphinidin 3-O-feruloyl-glucoside,640.1433735,Phenol Explorer2 (Food)
Delphinidin 3-O-glucosyl-glucoside,626.1488535,Phenol Explorer2 (Food)
Delphinidin 3-O-sambubioside,596.1382885,Phenol Explorer2 (Food)
Delphinidin 3-O-xyloside,434.0854635,Phenol Explorer2 (Food)
"Malvidin 3,5-O-diglucoside",654.1801535,Phenol Explorer2 (Food)
Malvidin 3-O-(6''-acetyl-galactoside),534.1378935,Phenol Explorer2 (Food)
Malvidin 3-O-(6''-acetyl-glucoside),534.1378935,Phenol Explorer2 (Food)
Malvidin 3-O-(6''-caffeoyl-glucoside),654.1590235,Phenol Explorer2 (Food)
Malvidin 3-O-(6''-p-coumaroyl-glucoside),638.1641085,Phenol Explorer2 (Food)
"Pelargonidin 3,5-O-diglucoside",629.1278765,Phenol Explorer2 (Food)
Pelargonidin 3-O-(6''-succinyl-glucoside),532.1222435,Phenol Explorer2 (Food)
Pelargonidin 3-O-arabinoside,402.0956335,Phenol Explorer2 (Food)
Pelargonidin 3-O-galactoside,432.1061985,Phenol Explorer2 (Food)
Pelargonidin 3-O-rutinoside,578.1641085,Phenol Explorer2 (Food)
Pelargonidin 3-O-sambubioside,564.1484585,Phenol Explorer2 (Food)
Peonidin,300.0639385,Phenol Explorer2 (Food)
Peonidin 3-O-(6''-acetyl-galactoside),504.1273285,Phenol Explorer2 (Food)
Peonidin 3-O-(6''-acetyl-glucoside),504.1273285,Phenol Explorer2 (Food)
Peonidin 3-O-(6''-p-coumaroyl-glucoside),608.1535435,Phenol Explorer2 (Food)
"Petunidin 3,5-O-diglucoside",640.1645035,Phenol Explorer2 (Food)
Petunidin 3-O-(6''-acetyl-galactoside),520.1222435,Phenol Explorer2 (Food)
Petunidin 3-O-(6''-acetyl-glucoside),520.1222435,Phenol Explorer2 (Food)
Petunidin 3-O-(6''-p-coumaroyl-glucoside),624.1484585,Phenol Explorer2 (Food)
Petunidin 3-O-rhamnoside,446.1218485,Phenol Explorer2 (Food)
Petunidin 3-O-rutinoside,594.1590235,Phenol Explorer2 (Food)
Pigment A,608.1535435,Phenol Explorer2 (Food)
Pinotin A,624.1484585,Phenol Explorer2 (Food)
Vitisin A,560.1171585,Phenol Explorer2 (Food)
Xanthohumol,353.1394485,Phenol Explorer2 (Food)
3-Hydroxyphloretin 2'-O-glucoside,451.1245885,Phenol Explorer2 (Food)
3-Hydroxyphloretin 2'-O-xylosyl-glucoside,583.1668485,Phenol Explorer2 (Food)
Phloretin 2'-O-xylosyl-glucoside,567.1719335,Phenol Explorer2 (Food)
Phloridzin,435.1296735,Phenol Explorer2 (Food)
Dihydromyricetin 3-O-rhamnoside,465.1038535,Phenol Explorer2 (Food)
Dihydroquercetin 3-O-rhamnoside,449.1089385,Phenol Explorer2 (Food)
(+)-Catechin 3-O-gallate,441.0827235,Phenol Explorer2 (Food)
(+)-Catechin 3-O-glucose,451.1245885,Phenol Explorer2 (Food)
(+)-Gallocatechin,305.0666785,Phenol Explorer2 (Food)
(+)-Gallocatechin 3-O-gallate,457.0776385,Phenol Explorer2 (Food)
(-)-Epicatechin-(2a-7)(4a-8)-epicatechin 3-O-galactoside,705.1824985,Phenol Explorer2 (Food)
Cinnamtannin A2,1153.261934,Phenol Explorer2 (Food)
Procyanidin dimer B5,577.1351535,Phenol Explorer2 (Food)
Procyanidin dimer B7,577.1351535,Phenol Explorer2 (Food)
Procyanidin trimer C1,865.1985435,Phenol Explorer2 (Food)
Procyanidin trimer C2,865.1985435,Phenol Explorer2 (Food)
Procyanidin trimer EEC,865.1985435,Phenol Explorer2 (Food)
Procyanidin trimer T2,865.1985435,Phenol Explorer2 (Food)
Prodelphinidin dimer B3,609.1249835,Phenol Explorer2 (Food)
Prodelphinidin trimer C-GC-C,881.1934585,Phenol Explorer2 (Food)
Prodelphinidin trimer GC-C-C,881.1934585,Phenol Explorer2 (Food)
Prodelphinidin trimer GC-GC-C,897.1883735,Phenol Explorer2 (Food)
Theaflavin 3'-O-gallate,715.1304635,Phenol Explorer2 (Food)
"Theaflavin 3,3'-O-digallate",867.1414235,Phenol Explorer2 (Food)
Theaflavin 3-O-gallate,715.1304635,Phenol Explorer2 (Food)
6-Geranylnaringenin,407.1863985,Phenol Explorer2 (Food)
6-Prenylnaringenin,339.1237985,Phenol Explorer2 (Food)
8-Prenylnaringenin,339.1237985,Phenol Explorer2 (Food)
Didymin,593.1875835,Phenol Explorer2 (Food)
Eriocitrin,595.1668485,Phenol Explorer2 (Food)
Eriodictyol 7-O-glucoside,449.1089385,Phenol Explorer2 (Food)
Isoxanthohumol,353.1394485,Phenol Explorer2 (Food)
Naringenin 7-O-glucoside,433.1140235,Phenol Explorer2 (Food)
Naringin 4'-O-glucoside,433.1140235,Phenol Explorer2 (Food)
Naringin 6'-malonate,665.1723285,Phenol Explorer2 (Food)
Narirutin,579.1719335,Phenol Explorer2 (Food)
Narirutin 4'-O-glucoside,741.2247585,Phenol Explorer2 (Food)
Neoeriocitrin,595.1668485,Phenol Explorer2 (Food)
Pinocembrin,255.0662835,Phenol Explorer2 (Food)
Poncirin,593.1875835,Phenol Explorer2 (Food)
Sakuranetin,285.0768485,Phenol Explorer2 (Food)
"5,6-Dihydroxy-7,8,3',4'-tetramethoxyflavone",373.0928935,Phenol Explorer2 (Food)
6-Hydroxyluteolin,301.0353785,Phenol Explorer2 (Food)
6-Hydroxyluteolin 7-O-rhamnoside,447.0932885,Phenol Explorer2 (Food)
"7,3',4'-Trihydroxyflavone",269.0455485,Phenol Explorer2 (Food)
"7,4'-Dihydroxyflavone",253.0506335,Phenol Explorer2 (Food)
Apigenin,269.0455485,Phenol Explorer2 (Food)
"Apigenin 6,8-C-arabinoside-C-glucoside",563.1406335,Phenol Explorer2 (Food)
"Apigenin 6,8-C-galactoside-C-arabinoside",563.1406335,Phenol Explorer2 (Food)
"Apigenin 6,8-di-C-glucoside",593.1511985,Phenol Explorer2 (Food)
Apigenin 6-C-glucoside,431.0983735,Phenol Explorer2 (Food)
Apigenin 7-O-(6''-malonyl-apiosyl-glucoside),649.1410285,Phenol Explorer2 (Food)
Apigenin 7-O-apiosyl-glucoside,563.1406335,Phenol Explorer2 (Food)
Apigenin 7-O-diglucuronide,621.1097285,Phenol Explorer2 (Food)
Apigenin 7-O-glucoside,419.1347585,Phenol Explorer2 (Food)
Apigenin 7-O-glucuronide,445.0776385,Phenol Explorer2 (Food)
Baicalein,269.0455485,Phenol Explorer2 (Food)
Chrysin,253.0506335,Phenol Explorer2 (Food)
Chrysoeriol 7-O-(6''-malonyl-apiosyl-glucoside),679.1515935,Phenol Explorer2 (Food)
Chrysoeriol 7-O-(6''-malonyl-glucoside),547.1093335,Phenol Explorer2 (Food)
Chrysoeriol 7-O-apiosyl-glucoside,593.1511985,Phenol Explorer2 (Food)
Chrysoeriol 7-O-glucoside,461.1089385,Phenol Explorer2 (Food)
Cirsilineol,343.0823285,Phenol Explorer2 (Food)
Cirsimaritin,313.0717635,Phenol Explorer2 (Food)
Diosmin,607.1668485,Phenol Explorer2 (Food)
Eupatorin,343.0823285,Phenol Explorer2 (Food)
Gardenin B,357.0979785,Phenol Explorer2 (Food)
Geraldone,283.0611985,Phenol Explorer2 (Food)
Hispidulin,299.0561135,Phenol Explorer2 (Food)
Isorhoifolin,577.1562835,Phenol Explorer2 (Food)
Jaceosidin,329.0666785,Phenol Explorer2 (Food)
Luteolin,285.0404635,Phenol Explorer2 (Food)
Luteolin 6-C-glucoside,447.0932885,Phenol Explorer2 (Food)
Luteolin 7-O-(2-apiosyl-6-malonyl)-glucoside,665.1359435,Phenol Explorer2 (Food)
Luteolin 7-O-(2-apiosyl-glucoside),579.1355485,Phenol Explorer2 (Food)
Luteolin 7-O-diglucuronide,637.1046435,Phenol Explorer2 (Food)
Luteolin 7-O-glucoside,447.0932885,Phenol Explorer2 (Food)
Luteolin 7-O-glucuronide,461.0725535,Phenol Explorer2 (Food)
Luteolin 7-O-malonyl-glucoside,533.0936835,Phenol Explorer2 (Food)
Luteolin 7-O-rutinoside,593.1511985,Phenol Explorer2 (Food)
Neodiosmin,607.1668485,Phenol Explorer2 (Food)
Nepetin,315.0510285,Phenol Explorer2 (Food)
Nobiletin,401.1241935,Phenol Explorer2 (Food)
Pebrellin,343.0823285,Phenol Explorer2 (Food)
Rhoifolin,577.1562835,Phenol Explorer2 (Food)
Rhoifolin 4'-O-glucoside,739.2091085,Phenol Explorer2 (Food)
Scutellarein,285.0404635,Phenol Explorer2 (Food)
Sinensetin,371.1136285,Phenol Explorer2 (Food)
Tangeretin,371.1136285,Phenol Explorer2 (Food)
Tetramethylscutellarein,341.1030635,Phenol Explorer2 (Food)
"3,7-Dimethylquercetin",329.0666785,Phenol Explorer2 (Food)
3-Methoxynobiletin,431.1347585,Phenol Explorer2 (Food)
3-Methoxysinensetin,401.1241935,Phenol Explorer2 (Food)
"5,3',4'-Trihydroxy-3-methoxy-6:7-methylenedioxyflavone 4'-O-glucuronide",519.0780335,Phenol Explorer2 (Food)
"5,4'-Dihydroxy-3,3'-dimethoxy-6:7-methylenedioxyflavone 4'-O-glucuronide",533.0936835,Phenol Explorer2 (Food)
"6,8-Dihydroxykaempferol",317.0302935,Phenol Explorer2 (Food)
Galangin,269.0455485,Phenol Explorer2 (Food)
Isorhamnetin 3-O-galactoside,477.1038535,Phenol Explorer2 (Food)
Isorhamnetin 3-O-glucoside 7-O-rhamnoside,623.1617635,Phenol Explorer2 (Food)
Isorhamnetin 3-O-rutinoside,461.1089385,Phenol Explorer2 (Food)
Isorhamnetin 4'-O-glucoside,477.1038535,Phenol Explorer2 (Food)
Isorhamnetin 7-O-rhamnoside,477.1038535,Phenol Explorer2 (Food)
Jaceidin 4'-O-glucuronide,535.1093335,Phenol Explorer2 (Food)
Kaempferide,298.0482885,Phenol Explorer2 (Food)
"Kaempferol 3,7,4'-O-triglucoside",771.1989385,Phenol Explorer2 (Food)
"Kaempferol 3,7-O-diglucoside",609.1461135,Phenol Explorer2 (Food)
Kaempferol 3-O-(2''-rhamnosyl-6''-acetyl-galactoside) 7-O-rhamnoside,783.1989385,Phenol Explorer2 (Food)
Kaempferol 3-O-(2''-rhamnosyl-galactoside) 7-O-rhamnoside,739.2091085,Phenol Explorer2 (Food)
"Kaempferol 3-O-(6""-malonyl-glucoside)",533.0936835,Phenol Explorer2 (Food)
Kaempferol 3-O-(6''-acetyl-galactoside) 7-O-rhamnoside,635.1617635,Phenol Explorer2 (Food)
Kaempferol 3-O-acetyl-glucoside,489.1038535,Phenol Explorer2 (Food)
Kaempferol 3-O-galactoside,447.0932885,Phenol Explorer2 (Food)
Kaempferol 3-O-galactoside 7-O-rhamnoside,593.1511985,Phenol Explorer2 (Food)
Kaempferol 3-O-glucoside,447.0932885,Phenol Explorer2 (Food)
Kaempferol 3-O-glucosyl-rhamnosyl-galactoside,755.2040235,Phenol Explorer2 (Food)
Kaempferol 3-O-glucosyl-rhamnosyl-glucoside,755.2040235,Phenol Explorer2 (Food)
Kaempferol 3-O-glucuronide,461.0725535,Phenol Explorer2 (Food)
Kaempferol 3-O-rhamnoside,430.0905485,Phenol Explorer2 (Food)
Kaempferol 3-O-rhamnosyl-rhamnosyl-glucoside,739.2091085,Phenol Explorer2 (Food)
Kaempferol 3-O-rutinoside,593.1511985,Phenol Explorer2 (Food)
Kaempferol 3-O-sophoroside,609.1461135,Phenol Explorer2 (Food)
Kaempferol 3-O-sophoroside 7-O-glucoside,771.1989385,Phenol Explorer2 (Food)
Kaempferol 3-O-xylosyl-glucoside,579.1355485,Phenol Explorer2 (Food)
Kaempferol 3-O-xylosyl-rutinoside,739.2091085,Phenol Explorer2 (Food)
Kaempferol 7-O-glucoside,446.0854635,Phenol Explorer2 (Food)
Methylgalangin,283.0611985,Phenol Explorer2 (Food)
Morin,301.0353785,Phenol Explorer2 (Food)
Myricetin,317.0302935,Phenol Explorer2 (Food)
Myricetin 3-O-arabinoside,449.0725535,Phenol Explorer2 (Food)
Myricetin 3-O-galactoside,479.0831185,Phenol Explorer2 (Food)
Myricetin 3-O-glucoside,479.0831185,Phenol Explorer2 (Food)
Myricetin 3-O-rhamnoside,463.0882035,Phenol Explorer2 (Food)
Myricetin 3-O-rutinoside,625.1410285,Phenol Explorer2 (Food)
Patuletin 3-O-(2''-feruloylglucosyl)(1->6)-[apiosyl(1->2)]-glucoside,963.2411985,Phenol Explorer2 (Food)
Patuletin 3-O-glucosyl-(1->6)-[apiosyl(1->2)]-glucoside,787.1938535,Phenol Explorer2 (Food)
"Quercetin 3-O-(6""-malonyl-glucoside)",549.0885985,Phenol Explorer2 (Food)
"Quercetin 3-O-(6""-malonyl-glucoside) 7-O-glucoside",711.1414235,Phenol Explorer2 (Food)
Quercetin 3-O-(6''-acetyl-galactoside) 7-O-rhamnoside,651.1566785,Phenol Explorer2 (Food)
Quercetin 3-O-acetyl-rhamnoside,489.1038535,Phenol Explorer2 (Food)
Quercetin 3-O-arabinoside,433.0776385,Phenol Explorer2 (Food)
Quercetin 3-O-galactoside,463.0882035,Phenol Explorer2 (Food)
Quercetin 3-O-galactoside 7-O-rhamnoside,609.1461135,Phenol Explorer2 (Food)
Quercetin 3-O-glucosyl-rhamnosyl-galactoside,771.1989385,Phenol Explorer2 (Food)
Quercetin 3-O-glucosyl-rhamnosyl-glucoside,771.1989385,Phenol Explorer2 (Food)
Quercetin 3-O-glucosyl-xyloside,595.1304635,Phenol Explorer2 (Food)
Quercetin 3-O-rhamnoside,447.0932885,Phenol Explorer2 (Food)
Quercetin 3-O-rhamnosyl-galactoside,609.1461135,Phenol Explorer2 (Food)
Quercetin 3-O-rhamnosyl-rhamnosyl-glucoside,755.2040235,Phenol Explorer2 (Food)
Quercetin 3-O-sophoroside,625.1410285,Phenol Explorer2 (Food)
Quercetin 3-O-xyloside,433.0776385,Phenol Explorer2 (Food)
Quercetin 3-O-xylosyl-glucuronide,609.1097285,Phenol Explorer2 (Food)
Quercetin 3-O-xylosyl-rutinoside,741.1883735,Phenol Explorer2 (Food)
Quercetin 4'-O-glucoside,463.0882035,Phenol Explorer2 (Food)
"Quercetin 7,4'-O-diglucoside",625.1410285,Phenol Explorer2 (Food)
Rhamnetin,315.0510285,Phenol Explorer2 (Food)
"Spinacetin 3-O-(2""-feruloylglucosyl)(1->6)-[apiosyl(1->2)]-glucoside",977.2568485,Phenol Explorer2 (Food)
"Spinacetin 3-O-(2""-p-coumaroylglucosyl)(1->6)-[apiosyl(1->2)]-glucoside",947.2462835,Phenol Explorer2 (Food)
Spinacetin 3-O-glucosyl-(1->6)-glucoside,669.1672435,Phenol Explorer2 (Food)
Spinacetin 3-O-glucosyl-(1->6)-[apiosyl(1->2)]-glucoside,801.2095035,Phenol Explorer2 (Food)
6''-O-Acetyldaidzin,457.1140235,Phenol Explorer2 (Food)
6''-O-Acetylgenistin,473.1089385,Phenol Explorer2 (Food)
6''-O-Acetylglycitin,487.1245885,Phenol Explorer2 (Food)
6''-O-Malonylgenistin,517.0987685,Phenol Explorer2 (Food)
6''-O-Malonylglycitin,531.1144185,Phenol Explorer2 (Food)
Genistin,431.0983735,Phenol Explorer2 (Food)
1-Acetoxypinoresinol,415.1398435,Phenol Explorer2 (Food)
7-Hydroxysecoisolariciresinol,373.2020485,Phenol Explorer2 (Food)
7-Oxomatairesinol,371.1136285,Phenol Explorer2 (Food)
Anhydro-secoisolariciresinol,343.1550985,Phenol Explorer2 (Food)
Arctigenin,371.1500135,Phenol Explorer2 (Food)
Conidendrin,355.1187135,Phenol Explorer2 (Food)
Dimethylmatairesinol,385.1656635,Phenol Explorer2 (Food)
Episesamin,353.1030635,Phenol Explorer2 (Food)
Isohydroxymatairesinol,373.1292785,Phenol Explorer2 (Food)
Isolariciresinol,359.1500135,Phenol Explorer2 (Food)
Lariciresinol-sesquilignan,555.2235735,Phenol Explorer2 (Food)
Medioresinol,387.1449285,Phenol Explorer2 (Food)
Nortrachelogenin,373.1292785,Phenol Explorer2 (Food)
Pinoresinol,357.1343635,Phenol Explorer2 (Food)
Secoisolariciresinol-sesquilignan,557.2392235,Phenol Explorer2 (Food)
Sesamin,353.1030635,Phenol Explorer2 (Food)
Sesamol,137.0244185,Phenol Explorer2 (Food)
Sesamolin,369.0979785,Phenol Explorer2 (Food)
Sesamolinol,371.1136285,Phenol Explorer2 (Food)
Syringaresinol,417.1554935,Phenol Explorer2 (Food)
Todolactol A,375.1449285,Phenol Explorer2 (Food)
Trachelogenin,387.1449285,Phenol Explorer2 (Food)
4-Ethylguaiacol,151.0764535,Phenol Explorer2 (Food)
4-Vinylguaiacol,149.0608035,Phenol Explorer2 (Food)
4-Vinylsyringol,241.0870185,Phenol Explorer2 (Food)
3-Methylcatechol,123.0451535,Phenol Explorer2 (Food)
4-Ethylcatechol,137.0608035,Phenol Explorer2 (Food)
4-Methylcatechol,123.0451535,Phenol Explorer2 (Food)
4-Vinylphenol,119.0502385,Phenol Explorer2 (Food)
5-Heneicosenylresorcinol,401.3425035,Phenol Explorer2 (Food)
5-Heneicosylresorcinol,403.3581535,Phenol Explorer2 (Food)
5-Heptadecylresorcinol,347.2955535,Phenol Explorer2 (Food)
5-Nonadecenylresorcinol,373.3112035,Phenol Explorer2 (Food)
5-Nonadecylresorcinol,375.3268535,Phenol Explorer2 (Food)
5-Pentacosenylresorcinol,457.4051035,Phenol Explorer2 (Food)
5-Pentacosylresorcinol,459.4207535,Phenol Explorer2 (Food)
5-Pentadecylresorcinol,319.2642535,Phenol Explorer2 (Food)
5-Tricosenylresorcinol,429.3738035,Phenol Explorer2 (Food)
5-Tricosylresorcinol,431.3894535,Phenol Explorer2 (Food)
Bisdemethoxycurcumin,307.0975835,Phenol Explorer2 (Food)
Curcumin,367.1187135,Phenol Explorer2 (Food)
Demethoxycurcumin,337.1081485,Phenol Explorer2 (Food)
Bergapten,215.0349835,Phenol Explorer2 (Food)
Isopimpinellin,245.0455485,Phenol Explorer2 (Food)
Psoralen,185.0244185,Phenol Explorer2 (Food)
Xanthotoxin,215.0349835,Phenol Explorer2 (Food)
4-Hydroxybenzaldehyde,121.0295035,Phenol Explorer2 (Food)
Gallic aldehyde,153.0193335,Phenol Explorer2 (Food)
p-Anisaldehyde,135.0451535,Phenol Explorer2 (Food)
Syringaldehyde,181.0506335,Phenol Explorer2 (Food)
"2,3-Dihydroxy-1-guaiacylpropanone",211.0611985,Phenol Explorer2 (Food)
3-Methoxyacetophenone,149.0608035,Phenol Explorer2 (Food)
Ferulaldehyde,177.0557185,Phenol Explorer2 (Food)
Sinapaldehyde,207.0662835,Phenol Explorer2 (Food)
4-Hydroxycoumarin,161.0244185,Phenol Explorer2 (Food)
Coumarin,145.0295035,Phenol Explorer2 (Food)
Esculetin,177.0193335,Phenol Explorer2 (Food)
Esculin,339.0721585,Phenol Explorer2 (Food)
Mellein,177.0557185,Phenol Explorer2 (Food)
Scopoletin,191.0349835,Phenol Explorer2 (Food)
Umbelliferone,161.0244185,Phenol Explorer2 (Food)
2-Methoxy-5-prop-1-enylphenol,163.0764535,Phenol Explorer2 (Food)
Acetyl eugenol,205.0870185,Phenol Explorer2 (Food)
Anethole,147.0815385,Phenol Explorer2 (Food)
Estragole,147.0815385,Phenol Explorer2 (Food)
Eugenol,163.0764535,Phenol Explorer2 (Food)
[6]-Gingerol,299.2227835,Phenol Explorer2 (Food)
Guaiacol,123.0451535,Phenol Explorer2 (Food)
"1,4-Naphtoquinone",157.0295035,Phenol Explorer2 (Food)
Juglone,173.0244185,Phenol Explorer2 (Food)
"3,4-Dihydroxyphenylglycol",169.0506335,Phenol Explorer2 (Food)
Arbutin,271.0823285,Phenol Explorer2 (Food)
Phenol,93.03458853,Phenol Explorer2 (Food)
Phlorin,287.0772435,Phenol Explorer2 (Food)
Carnosic acid,331.1914835,Phenol Explorer2 (Food)
Carnosol,329.1758335,Phenol Explorer2 (Food)
Carvacrol,149.0971885,Phenol Explorer2 (Food)
Epirosmanol,345.1707485,Phenol Explorer2 (Food)
Rosmadial,343.1550985,Phenol Explorer2 (Food)
Rosmanol,345.1707485,Phenol Explorer2 (Food)
Thymol,149.0971885,Phenol Explorer2 (Food)
"3,4-DHPEA-AC",195.0662835,Phenol Explorer2 (Food)
"3,4-DHPEA-EA",377.1241935,Phenol Explorer2 (Food)
Demethyloleuropein,525.1613685,Phenol Explorer2 (Food)
Hydroxytyrosol 4-O-glucoside,315.1085435,Phenol Explorer2 (Food)
Ligstroside,523.1821035,Phenol Explorer2 (Food)
Ligstroside-aglycone,361.1292785,Phenol Explorer2 (Food)
Oleoside 11-methylester,403.1245885,Phenol Explorer2 (Food)
Oleoside dimethylester,417.1402385,Phenol Explorer2 (Food)
Oleuropein-aglycone,377.1241935,Phenol Explorer2 (Food)
p-HPEA-AC,179.0713685,Phenol Explorer2 (Food)
p-HPEA-EA,361.1292785,Phenol Explorer2 (Food)
"2,6-Dihydroxybenzoic acid",153.0193335,Phenol Explorer2 (Food)
4-Hydroxybenzoic acid 4-O-glucoside,299.0772435,Phenol Explorer2 (Food)
5-O-Galloylquinic acid,343.0670735,Phenol Explorer2 (Food)
Ellagic acid acetyl-arabinoside,475.0518185,Phenol Explorer2 (Food)
Ellagic acid acetyl-xyloside,475.0518185,Phenol Explorer2 (Food)
Ellagic acid arabinoside,433.0412535,Phenol Explorer2 (Food)
Ellagic acid glucoside,463.0518185,Phenol Explorer2 (Food)
Gallic acid 3-O-gallate,321.0252085,Phenol Explorer2 (Food)
Gallic acid 4-O-glucoside,331.0670735,Phenol Explorer2 (Food)
Galloyl glucose,331.0670735,Phenol Explorer2 (Food)
Lambertianin C,2803.222094,Phenol Explorer2 (Food)
Protocatechuic acid 4-O-glucoside,315.0721585,Phenol Explorer2 (Food)
Sanguiin H-6,1869.150854,Phenol Explorer2 (Food)
Valoneic acid dilactone,469.0048685,Phenol Explorer2 (Food)
"1,2'-Disinapoyl-2-feruloylgentiobiose",929.2721035,Phenol Explorer2 (Food)
"1,2,2'-Triferuloylgentiobiose",869.2509735,Phenol Explorer2 (Food)
"1,2,2'-Trisinapoylgentiobiose",959.2826685,Phenol Explorer2 (Food)
"1,2-Diferuloylgentiobiose",693.2036285,Phenol Explorer2 (Food)
"1,2-Disinapoylgentiobiose",753.2247585,Phenol Explorer2 (Food)
"1-Sinapoyl-2,2'-diferuloylgentiobiose",899.2615385,Phenol Explorer2 (Food)
1-Sinapoyl-2-feruloylgentiobiose,723.2141935,Phenol Explorer2 (Food)
"2,5-di-S-Glutathionyl caftaric acid",921.1771765,Phenol Explorer2 (Food)
2-S-Glutathionyl caftaric acid,616.1090175,Phenol Explorer2 (Food)
24-Methylcholestanol ferulate,577.4262335,Phenol Explorer2 (Food)
24-Methylcholesterol ferulate,575.4105835,Phenol Explorer2 (Food)
24-Methylenecholestanol ferulate,575.4105835,Phenol Explorer2 (Food)
24-Methyllathosterol ferulate,575.4105835,Phenol Explorer2 (Food)
"3,4-Diferuloylquinic acid",543.1508035,Phenol Explorer2 (Food)
"3,5-Diferuloylquinic acid",543.1508035,Phenol Explorer2 (Food)
3-p-Coumaroylquinic acid,337.0928935,Phenol Explorer2 (Food)
3-Sinapoylquinic acid,397.1140235,Phenol Explorer2 (Food)
4-Caffeoylquinic acid,353.0878085,Phenol Explorer2 (Food)
4-p-Coumaroylquinic acid,337.0928935,Phenol Explorer2 (Food)
4-Sinapoylquinic acid,397.1140235,Phenol Explorer2 (Food)
5-5'-Dehydrodiferulic acid,385.0928935,Phenol Explorer2 (Food)
5-8'-Benzofuran dehydrodiferulic acid,385.0928935,Phenol Explorer2 (Food)
5-8'-Dehydrodiferulic acid,385.0928935,Phenol Explorer2 (Food)
5-Sinapoylquinic acid,397.1140235,Phenol Explorer2 (Food)
8-O-4'-Dehydrodiferulic acid,385.0928935,Phenol Explorer2 (Food)
Avenanthramide 2c,314.0670125,Phenol Explorer2 (Food)
Avenanthramide 2f,328.0826625,Phenol Explorer2 (Food)
Avenanthramide 2p,298.0720975,Phenol Explorer2 (Food)
Avenanthramide K,314.0670125,Phenol Explorer2 (Food)
Caffeic acid 4-O-glucoside,341.0878085,Phenol Explorer2 (Food)
Caffeic acid ethyl ester,207.0662835,Phenol Explorer2 (Food)
Caffeoyl aspartic acid,294.0619275,Phenol Explorer2 (Food)
Caffeoyl glucose,341.0878085,Phenol Explorer2 (Food)
Caffeoyl tartaric acid,311.0408585,Phenol Explorer2 (Food)
Chicoric acid,473.0725535,Phenol Explorer2 (Food)
Cinnamic acid,147.0451535,Phenol Explorer2 (Food)
Cinnamoyl glucose,309.0979785,Phenol Explorer2 (Food)
Ferulic acid 4-O-glucoside,355.1034585,Phenol Explorer2 (Food)
Feruloyl glucose,355.1034585,Phenol Explorer2 (Food)
Feruloyl tartaric acid,325.0565085,Phenol Explorer2 (Food)
Hydroxycaffeic acid,195.0298985,Phenol Explorer2 (Food)
o-Coumaric acid,163.0400685,Phenol Explorer2 (Food)
p-Coumaric acid 4-O-glucoside,325.0928935,Phenol Explorer2 (Food)
p-Coumaric acid ethyl ester,191.0713685,Phenol Explorer2 (Food)
p-Coumaroyl glucose,325.0928935,Phenol Explorer2 (Food)
p-Coumaroyl glycolic acid,221.0455485,Phenol Explorer2 (Food)
p-Coumaroyl malic acid,279.0510285,Phenol Explorer2 (Food)
p-Coumaroyl tartaric acid,295.0459435,Phenol Explorer2 (Food)
p-Coumaroyl tyrosine,326.1033975,Phenol Explorer2 (Food)
p-Coumaroylquinic acid,337.0928935,Phenol Explorer2 (Food)
Schottenol ferulate,589.4262335,Phenol Explorer2 (Food)
Sinapine,309.1581725,Phenol Explorer2 (Food)
Sitosterol ferulate,589.4262335,Phenol Explorer2 (Food)
Stigmastanol ferulate,591.4418835,Phenol Explorer2 (Food)
Verbascoside,623.1981485,Phenol Explorer2 (Food)
Homoveratric acid,195.0662835,Phenol Explorer2 (Food)
Methoxyphenylacetic acid,165.0557185,Phenol Explorer2 (Food)
Dihydro-p-coumaric acid,165.0557185,Phenol Explorer2 (Food)
d-Viniferin,453.1343635,Phenol Explorer2 (Food)
e-Viniferin,453.1343635,Phenol Explorer2 (Food)
Pallidol,453.1343635,Phenol Explorer2 (Food)
Piceatannol,243.0662835,Phenol Explorer2 (Food)
Piceatannol 3-O-glucoside,405.1191085,Phenol Explorer2 (Food)
Pinosylvin,211.0764535,Phenol Explorer2 (Food)
Pterostilbene,255.1026685,Phenol Explorer2 (Food)
Resveratrol 3-O-glucoside,389.1241935,Phenol Explorer2 (Food)
Resveratrol 5-O-glucoside,389.1241935,Phenol Explorer2 (Food)
